language,model,model_label,task,simulation_status,request_status,assertion_evaluations,completed_assertion_failures,lint_status,lint_errors,lint_warnings,bps_only_errors,bps_only_warnings,source_run,executed_at,source_sha256,rtl,compiler_log,simulation_logs,lint_log,findings
vhdl,bluepearl-rtl,bluepearl-rtl,axi_lite,FAIL,FAIL,150,11,COMPLETE,0,1,0,1,20260921-035335-vhdl-skill,2026-09-22T16:25:59+0100,12cac62c51b4b99da248089a3d8102e26f53f419a5cab0eb1b5026b3fa02cf0d,20260921-035335-vhdl-skill\bluepearl-rtl\axi_lite.vhd,verification/batches/20260922-161336/runs/20260921-035335-vhdl-skill/bluepearl-rtl/axi_lite/compile.log,"[""verification/batches/20260922-161336/runs/20260921-035335-vhdl-skill/bluepearl-rtl/axi_lite/sim_default.log""]",verification/batches/20260922-161336/runs/20260921-035335-vhdl-skill/bluepearl-rtl/axi_lite/bps_final/bluepearl.log,"[""BVALID independent of BREADY"", ""exposed register 1"", ""readback register 1 expected cafe9876 actual 03254769"", ""exposed register 2"", ""readback register 2 expected 87654321 actual 3016745a""]"
vhdl,bluepearl-rtl,bluepearl-rtl,bugfix,PASS,PASS_TESTED,513,0,COMPLETE,0,0,0,0,20260921-035335-vhdl-skill,2026-09-22T16:14:22+0100,180ae3e850e3a494904b4dafca8d87c42afa41cd835464620b3f42771a35a0ad,20260921-035335-vhdl-skill\bluepearl-rtl\bugfix.vhd,verification/batches/20260922-161336/runs/20260921-035335-vhdl-skill/bluepearl-rtl/bugfix/compile.log,"[""verification/batches/20260922-161336/runs/20260921-035335-vhdl-skill/bluepearl-rtl/bugfix/sim_default.log""]",verification/batches/20260922-161336/runs/20260921-035335-vhdl-skill/bluepearl-rtl/bugfix/bps_final/bluepearl.log,[]
vhdl,bluepearl-rtl,bluepearl-rtl,cdc_sync,COMPILE_FAIL,COMPILE_FAIL,0,,ANALYSIS_ERROR,6,0,1,0,20260921-035335-vhdl-skill,2026-09-22T16:14:22+0100,923c427ef4556c9ced11b6a9593aa067c27872782f5648c5c536b6b3cc63b044,20260921-035335-vhdl-skill\bluepearl-rtl\cdc_sync.vhd,verification/batches/20260922-161336/runs/20260921-035335-vhdl-skill/bluepearl-rtl/cdc_sync/compile.log,[],verification/batches/20260922-161336/runs/20260921-035335-vhdl-skill/bluepearl-rtl/cdc_sync/bps_final/bluepearl.log,"[""The array is indexed 0 through g_stages, creating g_stages+1 flops. The attribute specification is also in the architecture statement region; see compiler errors."", ""** Error: C:\\hdl_projects\\ai_on_prem\\20260921-035335-vhdl-skill\\bluepearl-rtl\\cdc_sync.vhd(33): near \""ATTRIBUTE\"": syntax error""]"
vhdl,bluepearl-rtl,bluepearl-rtl,counter,PASS,PASS_TESTED,321,0,COMPLETE,0,0,0,0,20260921-035335-vhdl-skill,2026-09-22T16:14:22+0100,ff8806b56b9463f2e680ff93b891e5c68406d4e1a845842f9158287da9ea5250,20260921-035335-vhdl-skill\bluepearl-rtl\counter.vhd,verification/batches/20260922-161336/runs/20260921-035335-vhdl-skill/bluepearl-rtl/counter/compile.log,"[""verification/batches/20260922-161336/runs/20260921-035335-vhdl-skill/bluepearl-rtl/counter/sim_default.log""]",verification/batches/20260922-161336/runs/20260921-035335-vhdl-skill/bluepearl-rtl/counter/bps_final/bluepearl.log,[]
vhdl,bluepearl-rtl,bluepearl-rtl,fifo,FAIL,FAIL,6836,1028,COMPLETE,0,8,0,7,20260921-035335-vhdl-skill,2026-09-22T16:14:22+0100,9dc1cb526ac6cfb235efec9e493ce44309218d47c24d714a3a9aa5a700c50225,20260921-035335-vhdl-skill\bluepearl-rtl\fifo.vhd,verification/batches/20260922-161336/runs/20260921-035335-vhdl-skill/bluepearl-rtl/fifo/compile.log,"[""verification/batches/20260922-161336/runs/20260921-035335-vhdl-skill/bluepearl-rtl/fifo/sim_default.log"", ""verification/batches/20260922-161336/runs/20260921-035335-vhdl-skill/bluepearl-rtl/fifo/sim_width16_depth4.log""]",verification/batches/20260922-161336/runs/20260921-035335-vhdl-skill/bluepearl-rtl/fifo/bps_final/bluepearl.log,"[""Read data is a concurrent RAM lookup, rather than a clocked RAM read. This does not implement the requested synchronous block-RAM read structure."", ""FIFO ordering / synchronous read""]"
vhdl,bluepearl-rtl,bluepearl-rtl,uart_tx,PASS,PASS_TESTED,1628,0,COMPLETE,0,0,0,0,20260921-035335-vhdl-skill,2026-09-22T16:14:43+0100,5d3210f0817faff2f0ac304cbc453e8ac37bb35efdd8228c094e2987a87dff30,20260921-035335-vhdl-skill\bluepearl-rtl\uart_tx.vhd,verification/batches/20260922-161336/runs/20260921-035335-vhdl-skill/bluepearl-rtl/uart_tx/compile.log,"[""verification/batches/20260922-161336/runs/20260921-035335-vhdl-skill/bluepearl-rtl/uart_tx/sim_default.log"", ""verification/batches/20260922-161336/runs/20260921-035335-vhdl-skill/bluepearl-rtl/uart_tx/sim_divisor13.log""]",verification/batches/20260922-161336/runs/20260921-035335-vhdl-skill/bluepearl-rtl/uart_tx/bps_final/bluepearl.log,[]
vhdl,gemma4-fpga,Gemma 4 12B,axi_lite,FAIL,FAIL,118,66,COMPLETE,0,6,0,6,20260921-035335-vhdl-skill,2026-09-22T16:14:53+0100,c9ebe847edfea9da2fdba1784924628415574693d760265220d1838ce26f0085,20260921-035335-vhdl-skill\gemma4-fpga\axi_lite.vhd,verification/batches/20260922-161336/runs/20260921-035335-vhdl-skill/gemma4-fpga/axi_lite/compile.log,"[""verification/batches/20260922-161336/runs/20260921-035335-vhdl-skill/gemma4-fpga/axi_lite/sim_default.log""]",verification/batches/20260922-161336/runs/20260921-035335-vhdl-skill/gemma4-fpga/axi_lite/bps_final/bluepearl.log,"[""Missing requested/AXI port reg0"", ""Missing requested/AXI port reg1"", ""Missing requested/AXI port reg2"", ""Missing requested/AXI port reg3"", ""B stable while stalled"", ""readback register 0 expected 12345678 actual 21524111"", ""R data/valid stable while stalled"", ""readback register 1 expected 03254769 actual 21524111"", ""readback register 2 expected 3016745a actual 21524111"", ""readback register 3 expected 2107654b actual 21524111"", ""BVALID independent of BREADY"", ""readback register 1 expected cafe9876 actual 21524111"", ""readback register 2 expected 87654321 actual 21524111"", ""readback register 0 expected 12bb56dd actual 21524111""]"
vhdl,gemma4-fpga,Gemma 4 12B,bugfix,PASS,PASS_TESTED,513,0,COMPLETE,0,0,0,0,20260921-035335-vhdl-skill,2026-09-22T16:14:54+0100,1f55eb6302222faafa3576fdc46a505ff9b36d6b743ab7c593ed504875dfd426,20260921-035335-vhdl-skill\gemma4-fpga\bugfix.vhd,verification/batches/20260922-161336/runs/20260921-035335-vhdl-skill/gemma4-fpga/bugfix/compile.log,"[""verification/batches/20260922-161336/runs/20260921-035335-vhdl-skill/gemma4-fpga/bugfix/sim_default.log""]",verification/batches/20260922-161336/runs/20260921-035335-vhdl-skill/gemma4-fpga/bugfix/bps_final/bluepearl.log,[]
vhdl,gemma4-fpga,Gemma 4 12B,cdc_sync,COMPILE_FAIL,COMPILE_FAIL,0,,ANALYSIS_ERROR,12,0,1,0,20260921-035335-vhdl-skill,2026-09-22T16:15:13+0100,a218013b4be18756275094a6f2a6193a5ebffebebd55bd9cd76dbb97b5553efd,20260921-035335-vhdl-skill\gemma4-fpga\cdc_sync.vhd,verification/batches/20260922-161336/runs/20260921-035335-vhdl-skill/gemma4-fpga/cdc_sync/compile.log,[],verification/batches/20260922-161336/runs/20260921-035335-vhdl-skill/gemma4-fpga/cdc_sync/bps_final/bluepearl.log,"[""Required ASYNC_REG attribute missing from code."", ""** Error: C:\\hdl_projects\\ai_on_prem\\20260921-035335-vhdl-skill\\gemma4-fpga\\cdc_sync.vhd(10): near \""map\"": (vcom-1576) expecting '('.""]"
vhdl,gemma4-fpga,Gemma 4 12B,counter,PASS,REQUEST_MISMATCH,321,0,COMPLETE,0,0,0,0,20260921-035335-vhdl-skill,2026-09-22T16:15:13+0100,b275c977fcd64102a2184e680667d0929ceb71026733e8f7b6639caa263e6e41,20260921-035335-vhdl-skill\gemma4-fpga\counter.vhd,verification/batches/20260922-161336/runs/20260921-035335-vhdl-skill/gemma4-fpga/counter/compile.log,"[""verification/batches/20260922-161336/runs/20260921-035335-vhdl-skill/gemma4-fpga/counter/sim_default.log""]",verification/batches/20260922-161336/runs/20260921-035335-vhdl-skill/gemma4-fpga/counter/bps_final/bluepearl.log,"[""count output is not declared unsigned; JSON requests unsigned output""]"
vhdl,gemma4-fpga,Gemma 4 12B,fifo,COMPILE_FAIL,COMPILE_FAIL,0,,ANALYSIS_ERROR,5,0,1,0,20260921-035335-vhdl-skill,2026-09-22T16:15:13+0100,6b28ae1eb917b5e24e118e1e7947a23b2453c058471d0b38f838e9a630483c63,20260921-035335-vhdl-skill\gemma4-fpga\fifo.vhd,verification/batches/20260922-161336/runs/20260921-035335-vhdl-skill/gemma4-fpga/fifo/compile.log,[],verification/batches/20260922-161336/runs/20260921-035335-vhdl-skill/gemma4-fpga/fifo/bps_final/bluepearl.log,"[""** Error: C:\\hdl_projects\\ai_on_prem\\20260921-035335-vhdl-skill\\gemma4-fpga\\fifo.vhd(6): near \""map\"": (vcom-1576) expecting '('.""]"
vhdl,gemma4-fpga,Gemma 4 12B,uart_tx,COMPILE_FAIL,COMPILE_FAIL,0,,ANALYSIS_ERROR,20,0,1,0,20260921-035335-vhdl-skill,2026-09-22T16:15:14+0100,ff33450868cbb19315920b5ea000b84fa592fc861badd296205218e376926667,20260921-035335-vhdl-skill\gemma4-fpga\uart_tx.vhd,verification/batches/20260922-161336/runs/20260921-035335-vhdl-skill/gemma4-fpga/uart_tx/compile.log,[],verification/batches/20260922-161336/runs/20260921-035335-vhdl-skill/gemma4-fpga/uart_tx/bps_final/bluepearl.log,"[""** Error: C:\\hdl_projects\\ai_on_prem\\20260921-035335-vhdl-skill\\gemma4-fpga\\uart_tx.vhd(29): near \""ENUM\"": syntax error""]"
vhdl,qwen-fpga,Qwen 3.5 9B,axi_lite,COMPILE_FAIL,COMPILE_FAIL,0,,ANALYSIS_ERROR,7,0,1,0,20260921-035335-vhdl-skill,2026-09-22T16:16:13+0100,ed01a9ec5ff6066fc1793cee2e64c3f480ca1c51b8f2e35e52e9926227956b0d,20260921-035335-vhdl-skill\qwen-fpga\axi_lite.vhd,verification/batches/20260922-161336/runs/20260921-035335-vhdl-skill/qwen-fpga/axi_lite/compile.log,[],verification/batches/20260922-161336/runs/20260921-035335-vhdl-skill/qwen-fpga/axi_lite/bps_final/bluepearl.log,"[""Missing requested/AXI port reg0"", ""Missing requested/AXI port reg1"", ""Missing requested/AXI port reg2"", ""Missing requested/AXI port reg3"", ""** Error: C:\\hdl_projects\\ai_on_prem\\20260921-035335-vhdl-skill\\qwen-fpga\\axi_lite.vhd(119): near \""?\"": (vcom-1576) expecting ')'."", ""** Error: C:\\hdl_projects\\ai_on_prem\\20260921-035335-vhdl-skill\\qwen-fpga\\axi_lite.vhd(125): (vcom-1581) No feasible entries for prefix operator '??'."", ""** Error: C:\\hdl_projects\\ai_on_prem\\20260921-035335-vhdl-skill\\qwen-fpga\\axi_lite.vhd(125): Type error resolving prefix expression \""??\"" as type std.STANDARD.BOOLEAN."", ""** Error: C:\\hdl_projects\\ai_on_prem\\20260921-035335-vhdl-skill\\qwen-fpga\\axi_lite.vhd(125): near \""IN\"": (vcom-1576) expecting ';'.""]"
vhdl,qwen-fpga,Qwen 3.5 9B,bugfix,FAIL,FAIL,513,256,ANALYSIS_ERROR,4,0,2,0,20260921-035335-vhdl-skill,2026-09-22T16:16:13+0100,bd17c6bd5447769c0ae66719ff379e67aaff9cff12dad01c5bd3168d5279048f,20260921-035335-vhdl-skill\qwen-fpga\bugfix.vhd,verification/batches/20260922-161336/runs/20260921-035335-vhdl-skill/qwen-fpga/bugfix/compile.log,"[""verification/batches/20260922-161336/runs/20260921-035335-vhdl-skill/qwen-fpga/bugfix/sim_default.log""]",verification/batches/20260922-161336/runs/20260921-035335-vhdl-skill/qwen-fpga/bugfix/bps_final/bluepearl.log,"[""output and reset synchronous"", ""registered mux both paths""]"
vhdl,qwen-fpga,Qwen 3.5 9B,cdc_sync,COMPILE_FAIL,COMPILE_FAIL,0,,ANALYSIS_ERROR,25,1,1,1,20260921-035335-vhdl-skill,2026-09-22T16:16:30+0100,bd1de1d75b4acc5463b8dde2c1d6d23a22e412a48541d7ed80d2dd986197976a,20260921-035335-vhdl-skill\qwen-fpga\cdc_sync.vhd,verification/batches/20260922-161336/runs/20260921-035335-vhdl-skill/qwen-fpga/cdc_sync/compile.log,[],verification/batches/20260922-161336/runs/20260921-035335-vhdl-skill/qwen-fpga/cdc_sync/bps_final/bluepearl.log,"[""ASYNC_REG is declared but no attribute specification attaches it to the synchronizer signals."", ""** Error: C:\\hdl_projects\\ai_on_prem\\20260921-035335-vhdl-skill\\qwen-fpga\\cdc_sync.vhd(57): near \""TYPE\"": syntax error"", ""** Error: C:\\hdl_projects\\ai_on_prem\\20260921-035335-vhdl-skill\\qwen-fpga\\cdc_sync.vhd(70): (vcom-1136) Unknown identifier \""s\""."", ""** Error: C:\\hdl_projects\\ai_on_prem\\20260921-035335-vhdl-skill\\qwen-fpga\\cdc_sync.vhd(70): Prefix of attribute \""range\"" must be appropriate for an array object or must denote an array subtype."", ""** Error: C:\\hdl_projects\\ai_on_prem\\20260921-035335-vhdl-skill\\qwen-fpga\\cdc_sync.vhd(70): (vcom-1489) Range of a parameter specification must be of a discrete type."", ""** Error: C:\\hdl_projects\\ai_on_prem\\20260921-035335-vhdl-skill\\qwen-fpga\\cdc_sync.vhd(71): (vcom-1136) Unknown identifier \""s\""."", ""** Error: C:\\hdl_projects\\ai_on_prem\\20260921-035335-vhdl-skill\\qwen-fpga\\cdc_sync.vhd(71): (vcom-1581) No feasible entries for infix operator '='."", ""** Error: C:\\hdl_projects\\ai_on_prem\\20260921-035335-vhdl-skill\\qwen-fpga\\cdc_sync.vhd(71): Type error resolving infix expression \""=\"" as type std.STANDARD.BOOLEAN."", ""** Error: C:\\hdl_projects\\ai_on_prem\\20260921-035335-vhdl-skill\\qwen-fpga\\cdc_sync.vhd(72): Illegal target for signal assignment.""]"
vhdl,qwen-fpga,Qwen 3.5 9B,counter,PASS,PASS_TESTED,321,0,COMPLETE,0,0,0,0,20260921-035335-vhdl-skill,2026-09-22T16:16:31+0100,eb58e49ef1581c4450d50360c5bd4dcdbfdee751799d73e9c2ce79a016e2f0e8,20260921-035335-vhdl-skill\qwen-fpga\counter.vhd,verification/batches/20260922-161336/runs/20260921-035335-vhdl-skill/qwen-fpga/counter/compile.log,"[""verification/batches/20260922-161336/runs/20260921-035335-vhdl-skill/qwen-fpga/counter/sim_default.log""]",verification/batches/20260922-161336/runs/20260921-035335-vhdl-skill/qwen-fpga/counter/bps_final/bluepearl.log,[]
vhdl,qwen-fpga,Qwen 3.5 9B,fifo,COMPILE_FAIL,COMPILE_FAIL,0,,ANALYSIS_ERROR,3,0,1,0,20260921-035335-vhdl-skill,2026-09-22T16:16:32+0100,01c9850063c4cdf53d89c9c9121dfa8b502a7dccea5bf70984f75c1bcfe65116,20260921-035335-vhdl-skill\qwen-fpga\fifo.vhd,verification/batches/20260922-161336/runs/20260921-035335-vhdl-skill/qwen-fpga/fifo/compile.log,[],verification/batches/20260922-161336/runs/20260921-035335-vhdl-skill/qwen-fpga/fifo/bps_final/bluepearl.log,"[""Missing required generic/parameter DEPTH"", ""DEPTH is absent and no RAM or read-data assignment is implemented. Both pointers increment on every clock without enable gating."", ""** Error: C:\\hdl_projects\\ai_on_prem\\20260921-035335-vhdl-skill\\qwen-fpga\\fifo.vhd(25): (vcom-1136) Unknown identifier \""CEIL_LOG2_REAL\"".""]"
vhdl,qwen-fpga,Qwen 3.5 9B,uart_tx,INTERFACE_FAIL,INTERFACE_FAIL,0,,COMPLETE,0,4,0,4,20260921-035335-vhdl-skill,2026-09-22T16:16:32+0100,0300853b88103e073ded34f21f2e878422e6f9bd059390300c546f1f0d8b82be,20260921-035335-vhdl-skill\qwen-fpga\uart_tx.vhd,verification/batches/20260922-161336/runs/20260921-035335-vhdl-skill/qwen-fpga/uart_tx/compile.log,[],verification/batches/20260922-161336/runs/20260921-035335-vhdl-skill/qwen-fpga/uart_tx/bps_final/bluepearl.log,"[""Missing required generic/parameter BAUD""]"
vhdl,qwen3-coder_30b,Qwen3-Coder 30B,axi_lite,COMPILE_FAIL,COMPILE_FAIL,0,,ANALYSIS_ERROR,5,0,1,0,20260921-035335-vhdl-skill,2026-09-22T16:17:01+0100,6b575944caebf8afde9953c6e2ecbc3649f370532db0c646556d1caeb8bef78c,20260921-035335-vhdl-skill\qwen3-coder_30b\axi_lite.vhd,verification/batches/20260922-161336/runs/20260921-035335-vhdl-skill/qwen3-coder_30b/axi_lite/compile.log,[],verification/batches/20260922-161336/runs/20260921-035335-vhdl-skill/qwen3-coder_30b/axi_lite/bps_final/bluepearl.log,"[""** Error: C:\\hdl_projects\\ai_on_prem\\20260921-035335-vhdl-skill\\qwen3-coder_30b\\axi_lite.vhd(21): Nonresolved signal 'o_bresp' has multiple sources."", ""** Error: C:\\hdl_projects\\ai_on_prem\\20260921-035335-vhdl-skill\\qwen3-coder_30b\\axi_lite.vhd(28): Nonresolved signal 'o_rresp' has multiple sources.""]"
vhdl,qwen3-coder_30b,Qwen3-Coder 30B,bugfix,PASS,PASS_TESTED,513,0,COMPLETE,0,0,0,0,20260921-035335-vhdl-skill,2026-09-22T16:17:01+0100,6329c1a222ea3434e91b1eb0f431781283439df455a328e4e263c553f939894a,20260921-035335-vhdl-skill\qwen3-coder_30b\bugfix.vhd,verification/batches/20260922-161336/runs/20260921-035335-vhdl-skill/qwen3-coder_30b/bugfix/compile.log,"[""verification/batches/20260922-161336/runs/20260921-035335-vhdl-skill/qwen3-coder_30b/bugfix/sim_default.log""]",verification/batches/20260922-161336/runs/20260921-035335-vhdl-skill/qwen3-coder_30b/bugfix/bps_final/bluepearl.log,[]
vhdl,qwen3-coder_30b,Qwen3-Coder 30B,cdc_sync,PASS,PASS_TESTED,800,0,COMPLETE,0,1,0,1,20260921-035335-vhdl-skill,2026-09-22T16:17:16+0100,13ae9432484c3a2d011d214ea73463a8ac21e71395a08e5bad1c9a2f3309ef9d,20260921-035335-vhdl-skill\qwen3-coder_30b\cdc_sync.vhd,verification/batches/20260922-161336/runs/20260921-035335-vhdl-skill/qwen3-coder_30b/cdc_sync/compile.log,"[""verification/batches/20260922-161336/runs/20260921-035335-vhdl-skill/qwen3-coder_30b/cdc_sync/sim_default.log"", ""verification/batches/20260922-161336/runs/20260921-035335-vhdl-skill/qwen3-coder_30b/cdc_sync/sim_stages3.log""]",verification/batches/20260922-161336/runs/20260921-035335-vhdl-skill/qwen3-coder_30b/cdc_sync/bps_final/bluepearl.log,[]
vhdl,qwen3-coder_30b,Qwen3-Coder 30B,counter,PASS,REQUEST_MISMATCH,321,0,COMPLETE,0,0,0,0,20260921-035335-vhdl-skill,2026-09-22T16:17:20+0100,5bd48eaf7ece47f632d7f37b5b28011bee3ed9dce556fee83219857dcd58b707,20260921-035335-vhdl-skill\qwen3-coder_30b\counter.vhd,verification/batches/20260922-161336/runs/20260921-035335-vhdl-skill/qwen3-coder_30b/counter/compile.log,"[""verification/batches/20260922-161336/runs/20260921-035335-vhdl-skill/qwen3-coder_30b/counter/sim_default.log""]",verification/batches/20260922-161336/runs/20260921-035335-vhdl-skill/qwen3-coder_30b/counter/bps_final/bluepearl.log,"[""count output is not declared unsigned; JSON requests unsigned output""]"
vhdl,qwen3-coder_30b,Qwen3-Coder 30B,fifo,COMPILE_FAIL,COMPILE_FAIL,0,,ANALYSIS_ERROR,8,0,1,0,20260921-035335-vhdl-skill,2026-09-22T16:17:28+0100,53a468abb62f96fa13912fe647f26e25ec60d2431dd1e6d2a500fa460c3d9167,20260921-035335-vhdl-skill\qwen3-coder_30b\fifo.vhd,verification/batches/20260922-161336/runs/20260921-035335-vhdl-skill/qwen3-coder_30b/fifo/compile.log,[],verification/batches/20260922-161336/runs/20260921-035335-vhdl-skill/qwen3-coder_30b/fifo/bps_final/bluepearl.log,"[""Read data is a concurrent RAM lookup, rather than a clocked RAM read. This does not implement the requested synchronous block-RAM read structure."", ""** Error: C:\\hdl_projects\\ai_on_prem\\20260921-035335-vhdl-skill\\qwen3-coder_30b\\fifo.vhd(31): (vcom-1600) No feasible entries for subprogram \""LOG2\""."", ""** Error: C:\\hdl_projects\\ai_on_prem\\20260921-035335-vhdl-skill\\qwen3-coder_30b\\fifo.vhd(72): (vcom-1581) No feasible entries for infix operator 'and'."", ""** Error: C:\\hdl_projects\\ai_on_prem\\20260921-035335-vhdl-skill\\qwen3-coder_30b\\fifo.vhd(72): Type error resolving infix expression \""and\"" as type ieee.std_logic_1164.STD_ULOGIC."", ""** Error: C:\\hdl_projects\\ai_on_prem\\20260921-035335-vhdl-skill\\qwen3-coder_30b\\fifo.vhd(74): (vcom-1581) No feasible entries for infix operator 'and'."", ""** Error: C:\\hdl_projects\\ai_on_prem\\20260921-035335-vhdl-skill\\qwen3-coder_30b\\fifo.vhd(74): Type error resolving infix expression \""and\"" as type ieee.std_logic_1164.STD_ULOGIC.""]"
vhdl,qwen3-coder_30b,Qwen3-Coder 30B,uart_tx,FAIL,FAIL,1628,42,COMPLETE,0,0,0,0,20260921-035335-vhdl-skill,2026-09-22T16:17:29+0100,4d043457d7b632eeece71f0ca86b4a95e9068e51885c599d0fd06a85a59ab246,20260921-035335-vhdl-skill\qwen3-coder_30b\uart_tx.vhd,verification/batches/20260922-161336/runs/20260921-035335-vhdl-skill/qwen3-coder_30b/uart_tx/compile.log,"[""verification/batches/20260922-161336/runs/20260921-035335-vhdl-skill/qwen3-coder_30b/uart_tx/sim_default.log"", ""verification/batches/20260922-161336/runs/20260921-035335-vhdl-skill/qwen3-coder_30b/uart_tx/sim_divisor13.log""]",verification/batches/20260922-161336/runs/20260921-035335-vhdl-skill/qwen3-coder_30b/uart_tx/bps_final/bluepearl.log,"[""busy during start/data"", ""8N1 bit=1 cycle=6 payload=a6"", ""8N1 bit=1 cycle=7 payload=a6"", ""8N1 bit=3 cycle=6 payload=a6"", ""8N1 bit=3 cycle=7 payload=a6"", ""8N1 bit=5 cycle=6 payload=a6"", ""8N1 bit=5 cycle=7 payload=a6"", ""8N1 bit=6 cycle=6 payload=a6"", ""8N1 bit=6 cycle=7 payload=a6"", ""8N1 bit=7 cycle=6 payload=a6"", ""8N1 bit=7 cycle=7 payload=a6"", ""8N1 bit=8 cycle=5 payload=00"", ""8N1 bit=8 cycle=6 payload=00"", ""8N1 bit=8 cycle=7 payload=00"", ""8N1 bit=0 cycle=4 payload=ff"", ""8N1 bit=0 cycle=5 payload=ff"", ""8N1 bit=0 cycle=6 payload=ff"", ""8N1 bit=0 cycle=7 payload=ff"", ""8N1 bit=1 cycle=11 payload=a6"", ""8N1 bit=1 cycle=12 payload=a6"", ""8N1 bit=3 cycle=11 payload=a6"", ""8N1 bit=3 cycle=12 payload=a6"", ""8N1 bit=5 cycle=11 payload=a6"", ""8N1 bit=5 cycle=12 payload=a6"", ""8N1 bit=6 cycle=11 payload=a6"", ""8N1 bit=6 cycle=12 payload=a6"", ""8N1 bit=7 cycle=11 payload=a6"", ""8N1 bit=7 cycle=12 payload=a6"", ""8N1 bit=8 cycle=10 payload=00"", ""8N1 bit=8 cycle=11 payload=00"", ""8N1 bit=8 cycle=12 payload=00"", ""8N1 bit=0 cycle=9 payload=ff"", ""8N1 bit=0 cycle=10 payload=ff"", ""8N1 bit=0 cycle=11 payload=ff"", ""8N1 bit=0 cycle=12 payload=ff""]"
vhdl,qwen3.5_4b,Qwen 3.5 4B,axi_lite,COMPILE_FAIL,COMPILE_FAIL,0,,ANALYSIS_ERROR,42,0,1,0,20260921-035335-vhdl-skill,2026-09-22T16:17:30+0100,66113f17e40a62169a30aa4bfac38a69470237faa98bc61ababdd2e2f3200a38,20260921-035335-vhdl-skill\qwen3.5_4b\axi_lite.vhd,verification/batches/20260922-161336/runs/20260921-035335-vhdl-skill/qwen3.5_4b/axi_lite/compile.log,[],verification/batches/20260922-161336/runs/20260921-035335-vhdl-skill/qwen3.5_4b/axi_lite/bps_final/bluepearl.log,"[""Missing required port bvalid"", ""Missing required port bready"", ""Missing requested/AXI port reg0"", ""Missing requested/AXI port reg1"", ""Missing requested/AXI port reg2"", ""Missing requested/AXI port reg3"", ""Missing requested/AXI port bresp"", ""** Error: C:\\hdl_projects\\ai_on_prem\\20260921-035335-vhdl-skill\\qwen3.5_4b\\axi_lite.vhd(98): near \""v_idx\"": (vcom-1576) expecting == or '+' or '-' or '&'."", ""** Error: C:\\hdl_projects\\ai_on_prem\\20260921-035335-vhdl-skill\\qwen3.5_4b\\axi_lite.vhd(118): near \""v_byte_offset\"": (vcom-1576) expecting == or '+' or '-' or '&'."", ""** Error: C:\\hdl_projects\\ai_on_prem\\20260921-035335-vhdl-skill\\qwen3.5_4b\\axi_lite.vhd(121): (vcom-1136) Unknown identifier \""s_wstrb\""."", ""** Error: C:\\hdl_projects\\ai_on_prem\\20260921-035335-vhdl-skill\\qwen3.5_4b\\axi_lite.vhd(121): Type error resolving infix expression \""=\"" as type std.STANDARD.BOOLEAN."", ""** Error: C:\\hdl_projects\\ai_on_prem\\20260921-035335-vhdl-skill\\qwen3.5_4b\\axi_lite.vhd(122): (vcom-1136) Unknown identifier \""v_byte_offset\""."", ""** Error: C:\\hdl_projects\\ai_on_prem\\20260921-035335-vhdl-skill\\qwen3.5_4b\\axi_lite.vhd(122): (vcom-1591) Bad expression in left bound of range expression."", ""** Error: C:\\hdl_projects\\ai_on_prem\\20260921-035335-vhdl-skill\\qwen3.5_4b\\axi_lite.vhd(122): (vcom-1136) Unknown identifier \""v_byte_offset\""."", ""** Error: C:\\hdl_projects\\ai_on_prem\\20260921-035335-vhdl-skill\\qwen3.5_4b\\axi_lite.vhd(122): Target type ieee.NUMERIC_STD.UNRESOLVED_UNSIGNED in signal assignment is different from expression type ieee.std_logic_1164.STD_ULOGIC_VECTOR.""]"
vhdl,qwen3.5_4b,Qwen 3.5 4B,bugfix,PASS,PASS_TESTED,513,0,COMPLETE,0,13,0,5,20260921-035335-vhdl-skill,2026-09-22T16:17:30+0100,9dcf69a4d4d96b293af898dc4514e17c77332130730e1924d5eabafe10a7ffc2,20260921-035335-vhdl-skill\qwen3.5_4b\bugfix.vhd,verification/batches/20260922-161336/runs/20260921-035335-vhdl-skill/qwen3.5_4b/bugfix/compile.log,"[""verification/batches/20260922-161336/runs/20260921-035335-vhdl-skill/qwen3.5_4b/bugfix/sim_default.log""]",verification/batches/20260922-161336/runs/20260921-035335-vhdl-skill/qwen3.5_4b/bugfix/bps_final/bluepearl.log,[]
vhdl,qwen3.5_4b,Qwen 3.5 4B,cdc_sync,COMPILE_FAIL,COMPILE_FAIL,0,,ANALYSIS_ERROR,16,0,1,0,20260921-035335-vhdl-skill,2026-09-22T16:17:40+0100,26fd6c7c9994e8970dd83f173bc8ee7eb80f5eff6e1424622b07b9ad7b3cebbd,20260921-035335-vhdl-skill\qwen3.5_4b\cdc_sync.vhd,verification/batches/20260922-161336/runs/20260921-035335-vhdl-skill/qwen3.5_4b/cdc_sync/compile.log,[],verification/batches/20260922-161336/runs/20260921-035335-vhdl-skill/qwen3.5_4b/cdc_sync/bps_final/bluepearl.log,"[""Required ASYNC_REG attribute missing from code."", ""** Error: C:\\hdl_projects\\ai_on_prem\\20260921-035335-vhdl-skill\\qwen3.5_4b\\cdc_sync.vhd(14): (vcom-1136) Unknown identifier \""i_clk_dst\""."", ""** Error: C:\\hdl_projects\\ai_on_prem\\20260921-035335-vhdl-skill\\qwen3.5_4b\\cdc_sync.vhd(14): Bad resolution function (STD_ULOGIC) for type (error)."", ""** Error: C:\\hdl_projects\\ai_on_prem\\20260921-035335-vhdl-skill\\qwen3.5_4b\\cdc_sync.vhd(14): near \"":\"": (vcom-1576) expecting ';' or ')'.""]"
vhdl,qwen3.5_4b,Qwen 3.5 4B,counter,PASS,REQUEST_MISMATCH,321,0,COMPLETE,0,0,0,0,20260921-035335-vhdl-skill,2026-09-22T16:17:40+0100,710075be43ba998c43c5d60601541d7206a406db9c81246bffe2f8a42d5f2180,20260921-035335-vhdl-skill\qwen3.5_4b\counter.vhd,verification/batches/20260922-161336/runs/20260921-035335-vhdl-skill/qwen3.5_4b/counter/compile.log,"[""verification/batches/20260922-161336/runs/20260921-035335-vhdl-skill/qwen3.5_4b/counter/sim_default.log""]",verification/batches/20260922-161336/runs/20260921-035335-vhdl-skill/qwen3.5_4b/counter/bps_final/bluepearl.log,"[""count output is not declared unsigned; JSON requests unsigned output""]"
vhdl,qwen3.5_4b,Qwen 3.5 4B,fifo,COMPILE_FAIL,COMPILE_FAIL,0,,ANALYSIS_ERROR,7,0,1,0,20260921-035335-vhdl-skill,2026-09-22T16:17:49+0100,796e7e3e23586d9628b968a546b419adc7e97dfa378347a96f3aea49b14384a6,20260921-035335-vhdl-skill\qwen3.5_4b\fifo.vhd,verification/batches/20260922-161336/runs/20260921-035335-vhdl-skill/qwen3.5_4b/fifo/compile.log,[],verification/batches/20260922-161336/runs/20260921-035335-vhdl-skill/qwen3.5_4b/fifo/bps_final/bluepearl.log,"[""** Error: C:\\hdl_projects\\ai_on_prem\\20260921-035335-vhdl-skill\\qwen3.5_4b\\fifo.vhd(15): near \"";\"": (vcom-1576) expecting IDENTIFIER.""]"
vhdl,qwen3.5_4b,Qwen 3.5 4B,uart_tx,COMPILE_FAIL,COMPILE_FAIL,0,,ANALYSIS_ERROR,17,0,1,0,20260921-035335-vhdl-skill,2026-09-22T16:17:50+0100,a074c041acc0ccc7df01a7cdebe7dc551682f9ad0934d1876584f8775ccc726b,20260921-035335-vhdl-skill\qwen3.5_4b\uart_tx.vhd,verification/batches/20260922-161336/runs/20260921-035335-vhdl-skill/qwen3.5_4b/uart_tx/compile.log,[],verification/batches/20260922-161336/runs/20260921-035335-vhdl-skill/qwen3.5_4b/uart_tx/bps_final/bluepearl.log,"[""Missing required generic/parameter BAUD"", ""** Error: C:\\hdl_projects\\ai_on_prem\\20260921-035335-vhdl-skill\\qwen3.5_4b\\uart_tx.vhd(11): (vcom-1136) Unknown identifier \""i_rst\""."", ""** Error: C:\\hdl_projects\\ai_on_prem\\20260921-035335-vhdl-skill\\qwen3.5_4b\\uart_tx.vhd(11): Bad resolution function (STD_ULOGIC) for type (error)."", ""** Error: C:\\hdl_projects\\ai_on_prem\\20260921-035335-vhdl-skill\\qwen3.5_4b\\uart_tx.vhd(11): near \"":\"": (vcom-1576) expecting ';' or ')'.""]"
vhdl,qwen3.8_27b,Qwen3.8 27B,axi_lite,COMPILE_FAIL,COMPILE_FAIL,0,,ANALYSIS_ERROR,4,0,2,0,20260921-035335-vhdl-skill,2026-09-22T16:18:07+0100,6356a4cb558735413e3ee7e010cb8f9ae12b6067b9b3bacc0f291a5a278e2d94,20260921-035335-vhdl-skill\qwen3.8_27b\axi_lite.vhd,verification/batches/20260922-161336/runs/20260921-035335-vhdl-skill/qwen3.8_27b/axi_lite/compile.log,[],verification/batches/20260922-161336/runs/20260921-035335-vhdl-skill/qwen3.8_27b/axi_lite/bps_final/bluepearl.log,"[""** Error: C:\\hdl_projects\\ai_on_prem\\20260921-035335-vhdl-skill\\qwen3.8_27b\\axi_lite.vhd(49): Nonresolved signal 's_reg0' has multiple sources."", ""** Error: C:\\hdl_projects\\ai_on_prem\\20260921-035335-vhdl-skill\\qwen3.8_27b\\axi_lite.vhd(50): Nonresolved signal 's_reg1' has multiple sources."", ""** Error: C:\\hdl_projects\\ai_on_prem\\20260921-035335-vhdl-skill\\qwen3.8_27b\\axi_lite.vhd(51): Nonresolved signal 's_reg2' has multiple sources."", ""** Error: C:\\hdl_projects\\ai_on_prem\\20260921-035335-vhdl-skill\\qwen3.8_27b\\axi_lite.vhd(52): Nonresolved signal 's_reg3' has multiple sources.""]"
vhdl,qwen3.8_27b,Qwen3.8 27B,bugfix,PASS,PASS_TESTED,513,0,COMPLETE,0,0,0,0,20260921-035335-vhdl-skill,2026-09-22T16:18:07+0100,c2210782c1f8a7d505e73ce3c4d84f00ce744f5d9bfc252e4178c8f644397fbb,20260921-035335-vhdl-skill\qwen3.8_27b\bugfix.vhd,verification/batches/20260922-161336/runs/20260921-035335-vhdl-skill/qwen3.8_27b/bugfix/compile.log,"[""verification/batches/20260922-161336/runs/20260921-035335-vhdl-skill/qwen3.8_27b/bugfix/sim_default.log""]",verification/batches/20260922-161336/runs/20260921-035335-vhdl-skill/qwen3.8_27b/bugfix/bps_final/bluepearl.log,[]
vhdl,qwen3.8_27b,Qwen3.8 27B,cdc_sync,COMPILE_FAIL,COMPILE_FAIL,0,,ANALYSIS_ERROR,5,0,1,0,20260921-035335-vhdl-skill,2026-09-22T16:18:09+0100,e123d6659a13c2a313377665a9071a2f8107db9a51df029e74b50b9b44dc968e,20260921-035335-vhdl-skill\qwen3.8_27b\cdc_sync.vhd,verification/batches/20260922-161336/runs/20260921-035335-vhdl-skill/qwen3.8_27b/cdc_sync/compile.log,[],verification/batches/20260922-161336/runs/20260921-035335-vhdl-skill/qwen3.8_27b/cdc_sync/bps_final/bluepearl.log,"[""** Error: C:\\hdl_projects\\ai_on_prem\\20260921-035335-vhdl-skill\\qwen3.8_27b\\cdc_sync.vhd(24): near \""ATTRIBUTE\"": syntax error""]"
vhdl,qwen3.8_27b,Qwen3.8 27B,counter,PASS,REQUEST_MISMATCH,321,0,COMPLETE,0,0,0,0,20260921-035335-vhdl-skill,2026-09-22T16:18:10+0100,e39d176f217a9d061edcb71e1bf6b177f34d1e0f1046d34373f2dc3fff34110b,20260921-035335-vhdl-skill\qwen3.8_27b\counter.vhd,verification/batches/20260922-161336/runs/20260921-035335-vhdl-skill/qwen3.8_27b/counter/compile.log,"[""verification/batches/20260922-161336/runs/20260921-035335-vhdl-skill/qwen3.8_27b/counter/sim_default.log""]",verification/batches/20260922-161336/runs/20260921-035335-vhdl-skill/qwen3.8_27b/counter/bps_final/bluepearl.log,"[""count output is not declared unsigned; JSON requests unsigned output""]"
vhdl,qwen3.8_27b,Qwen3.8 27B,fifo,COMPILE_FAIL,COMPILE_FAIL,0,,ANALYSIS_ERROR,11,0,1,0,20260921-035335-vhdl-skill,2026-09-22T16:18:14+0100,c54d65d964e8a75dbecae846a6cf140987239ced06b3030aee4c61854bcc2aff,20260921-035335-vhdl-skill\qwen3.8_27b\fifo.vhd,verification/batches/20260922-161336/runs/20260921-035335-vhdl-skill/qwen3.8_27b/fifo/compile.log,[],verification/batches/20260922-161336/runs/20260921-035335-vhdl-skill/qwen3.8_27b/fifo/bps_final/bluepearl.log,"[""** Error: C:\\hdl_projects\\ai_on_prem\\20260921-035335-vhdl-skill\\qwen3.8_27b\\fifo.vhd(26): near \""'\"": (vcom-1576) expecting ';'."", ""** Error: C:\\hdl_projects\\ai_on_prem\\20260921-035335-vhdl-skill\\qwen3.8_27b\\fifo.vhd(31): (vcom-1136) Unknown identifier \""c_addr_width\""."", ""** Error: C:\\hdl_projects\\ai_on_prem\\20260921-035335-vhdl-skill\\qwen3.8_27b\\fifo.vhd(31): (vcom-1591) Bad expression in left bound of range expression."", ""** Error: C:\\hdl_projects\\ai_on_prem\\20260921-035335-vhdl-skill\\qwen3.8_27b\\fifo.vhd(31): Type error in range expression."", ""** Error: C:\\hdl_projects\\ai_on_prem\\20260921-035335-vhdl-skill\\qwen3.8_27b\\fifo.vhd(32): (vcom-1136) Unknown identifier \""c_addr_width\""."", ""** Error: C:\\hdl_projects\\ai_on_prem\\20260921-035335-vhdl-skill\\qwen3.8_27b\\fifo.vhd(32): (vcom-1591) Bad expression in left bound of range expression."", ""** Error: C:\\hdl_projects\\ai_on_prem\\20260921-035335-vhdl-skill\\qwen3.8_27b\\fifo.vhd(32): Type error in range expression."", ""** Error: C:\\hdl_projects\\ai_on_prem\\20260921-035335-vhdl-skill\\qwen3.8_27b\\fifo.vhd(64): (vcom-1136) Unknown identifier \""c_addr_width\"".""]"
vhdl,qwen3.8_27b,Qwen3.8 27B,uart_tx,FAIL,FAIL,28,8,COMPLETE,0,0,0,0,20260921-035335-vhdl-skill,2026-09-22T16:18:15+0100,69057e4ff12958514e46e6c5e9fc510aa702e0b7c94c1278854568a176cc1040,20260921-035335-vhdl-skill\qwen3.8_27b\uart_tx.vhd,verification/batches/20260922-161336/runs/20260921-035335-vhdl-skill/qwen3.8_27b/uart_tx/compile.log,"[""verification/batches/20260922-161336/runs/20260921-035335-vhdl-skill/qwen3.8_27b/uart_tx/sim_default.log"", ""verification/batches/20260922-161336/runs/20260921-035335-vhdl-skill/qwen3.8_27b/uart_tx/sim_divisor13.log""]",verification/batches/20260922-161336/runs/20260921-035335-vhdl-skill/qwen3.8_27b/uart_tx/bps_final/bluepearl.log,"[""start bit begins""]"
verilog,bluepearl-rtl,bluepearl-rtl,axi_lite,FAIL,FAIL,150,36,COMPLETE,0,5,0,5,20260921-051654-verilog-skill,2026-09-22T16:18:26+0100,662c7a175db2134d5c8f8e0ded23c5b917e7dc15d07417a81ded08c15c1dccf9,20260921-051654-verilog-skill\bluepearl-rtl\axi_lite.sv,verification/batches/20260922-161336/runs/20260921-051654-verilog-skill/bluepearl-rtl/axi_lite/compile.log,"[""verification/batches/20260922-161336/runs/20260921-051654-verilog-skill/bluepearl-rtl/axi_lite/sim_default.log""]",verification/batches/20260922-161336/runs/20260921-051654-verilog-skill/bluepearl-rtl/axi_lite/bps_final/bluepearl.log,"[""exposed register 0"", ""exposed register 1"", ""exposed register 2"", ""exposed register 3"", ""readback register 0 expected 12345678 actual 00000000"", ""readback register 1 expected 03254769 actual 00000000"", ""readback register 2 expected 3016745a actual 00000000"", ""readback register 3 expected 2107654b actual 00000000"", ""BVALID independent of BREADY"", ""readback register 1 expected cafe9876 actual 00000000"", ""readback register 2 expected 87654321 actual 00000000"", ""readback register 0 expected 12bb56dd actual 00000000""]"
verilog,bluepearl-rtl,bluepearl-rtl,bugfix,PASS,PASS_TESTED,513,0,COMPLETE,0,0,0,0,20260921-051654-verilog-skill,2026-09-22T16:18:29+0100,a5bcca74974bd2cf1ba77c6d1127cfe097ad7469bfabd682d6e3302794251a7d,20260921-051654-verilog-skill\bluepearl-rtl\bugfix.sv,verification/batches/20260922-161336/runs/20260921-051654-verilog-skill/bluepearl-rtl/bugfix/compile.log,"[""verification/batches/20260922-161336/runs/20260921-051654-verilog-skill/bluepearl-rtl/bugfix/sim_default.log""]",verification/batches/20260922-161336/runs/20260921-051654-verilog-skill/bluepearl-rtl/bugfix/bps_final/bluepearl.log,[]
verilog,bluepearl-rtl,bluepearl-rtl,cdc_sync,PASS,PASS_TESTED,800,0,COMPLETE,0,5,0,5,20260921-051654-verilog-skill,2026-09-22T16:18:37+0100,509bc417b4528802f78d79cf357a4cf76b1a75e81fd335e8d203b1ea646dc17a,20260921-051654-verilog-skill\bluepearl-rtl\cdc_sync.sv,verification/batches/20260922-161336/runs/20260921-051654-verilog-skill/bluepearl-rtl/cdc_sync/compile.log,"[""verification/batches/20260922-161336/runs/20260921-051654-verilog-skill/bluepearl-rtl/cdc_sync/sim_default.log"", ""verification/batches/20260922-161336/runs/20260921-051654-verilog-skill/bluepearl-rtl/cdc_sync/sim_stages3.log""]",verification/batches/20260922-161336/runs/20260921-051654-verilog-skill/bluepearl-rtl/cdc_sync/bps_final/bluepearl.log,[]
verilog,bluepearl-rtl,bluepearl-rtl,counter,PASS,PASS_TESTED,321,0,COMPLETE,0,0,0,0,20260921-051654-verilog-skill,2026-09-22T16:18:45+0100,c59e4d938033ba1da63d10cc4718bfd4f3b3a4ae072f4aeca33df7c869b9b658,20260921-051654-verilog-skill\bluepearl-rtl\counter.sv,verification/batches/20260922-161336/runs/20260921-051654-verilog-skill/bluepearl-rtl/counter/compile.log,"[""verification/batches/20260922-161336/runs/20260921-051654-verilog-skill/bluepearl-rtl/counter/sim_default.log""]",verification/batches/20260922-161336/runs/20260921-051654-verilog-skill/bluepearl-rtl/counter/bps_final/bluepearl.log,[]
verilog,bluepearl-rtl,bluepearl-rtl,fifo,PASS,PASS_TESTED,6836,0,COMPLETE,0,0,0,0,20260921-051654-verilog-skill,2026-09-22T16:18:48+0100,b39e7a90244757918ce27831129b03aafec178f485917df9166ad5876f087124,20260921-051654-verilog-skill\bluepearl-rtl\fifo.sv,verification/batches/20260922-161336/runs/20260921-051654-verilog-skill/bluepearl-rtl/fifo/compile.log,"[""verification/batches/20260922-161336/runs/20260921-051654-verilog-skill/bluepearl-rtl/fifo/sim_default.log"", ""verification/batches/20260922-161336/runs/20260921-051654-verilog-skill/bluepearl-rtl/fifo/sim_width16_depth4.log""]",verification/batches/20260922-161336/runs/20260921-051654-verilog-skill/bluepearl-rtl/fifo/bps_final/bluepearl.log,[]
verilog,bluepearl-rtl,bluepearl-rtl,uart_tx,FAIL,FAIL,1628,436,COMPLETE,0,3,0,0,20260921-051654-verilog-skill,2026-09-22T16:18:52+0100,d696910044c9139a9184e92b867aa854e73951ce810911c0de32ab2433a7bc6e,20260921-051654-verilog-skill\bluepearl-rtl\uart_tx.sv,verification/batches/20260922-161336/runs/20260921-051654-verilog-skill/bluepearl-rtl/uart_tx/compile.log,"[""verification/batches/20260922-161336/runs/20260921-051654-verilog-skill/bluepearl-rtl/uart_tx/sim_default.log"", ""verification/batches/20260922-161336/runs/20260921-051654-verilog-skill/bluepearl-rtl/uart_tx/sim_divisor13.log""]",verification/batches/20260922-161336/runs/20260921-051654-verilog-skill/bluepearl-rtl/uart_tx/bps_final/bluepearl.log,"[""8N1 bit=1 cycle=0 payload=55"", ""8N1 bit=1 cycle=1 payload=55"", ""8N1 bit=1 cycle=2 payload=55"", ""8N1 bit=1 cycle=3 payload=55"", ""8N1 bit=1 cycle=4 payload=55"", ""8N1 bit=1 cycle=5 payload=55"", ""8N1 bit=1 cycle=6 payload=55"", ""8N1 bit=1 cycle=7 payload=55"", ""8N1 bit=3 cycle=0 payload=55"", ""8N1 bit=3 cycle=1 payload=55"", ""8N1 bit=3 cycle=2 payload=55"", ""8N1 bit=3 cycle=3 payload=55"", ""8N1 bit=3 cycle=4 payload=55"", ""8N1 bit=3 cycle=5 payload=55"", ""8N1 bit=3 cycle=6 payload=55"", ""8N1 bit=3 cycle=7 payload=55"", ""8N1 bit=5 cycle=0 payload=55"", ""8N1 bit=5 cycle=1 payload=55"", ""8N1 bit=5 cycle=2 payload=55"", ""8N1 bit=5 cycle=3 payload=55"", ""8N1 bit=5 cycle=4 payload=55"", ""8N1 bit=5 cycle=5 payload=55"", ""8N1 bit=5 cycle=6 payload=55"", ""8N1 bit=5 cycle=7 payload=55"", ""8N1 bit=7 cycle=0 payload=55"", ""8N1 bit=7 cycle=1 payload=55"", ""8N1 bit=7 cycle=2 payload=55"", ""8N1 bit=7 cycle=3 payload=55"", ""8N1 bit=7 cycle=4 payload=55"", ""8N1 bit=7 cycle=5 payload=55"", ""8N1 bit=7 cycle=6 payload=55"", ""8N1 bit=7 cycle=7 payload=55"", ""8N1 bit=9 cycle=0 payload=55"", ""8N1 bit=9 cycle=1 payload=55"", ""8N1 bit=9 cycle=2 payload=55"", ""8N1 bit=9 cycle=3 payload=55"", ""8N1 bit=9 cycle=4 payload=55"", ""8N1 bit=9 cycle=5 payload=55"", ""8N1 bit=9 cycle=6 payload=55"", ""8N1 bit=9 cycle=7 payload=55"", ""busy releases after stop"", ""idle high"", ""8N1 bit=2 cycle=0 payload=a6"", ""8N1 bit=2 cycle=1 payload=a6"", ""8N1 bit=2 cycle=2 payload=a6"", ""8N1 bit=2 cycle=3 payload=a6"", ""8N1 bit=2 cycle=4 payload=a6"", ""8N1 bit=2 cycle=5 payload=a6"", ""8N1 bit=2 cycle=6 payload=a6"", ""8N1 bit=2 cycle=7 payload=a6"", ""8N1 bit=3 cycle=0 payload=a6"", ""8N1 bit=3 cycle=1 payload=a6"", ""8N1 bit=3 cycle=2 payload=a6"", ""8N1 bit=3 cycle=3 payload=a6"", ""8N1 bit=3 cycle=4 payload=a6"", ""8N1 bit=3 cycle=5 payload=a6"", ""8N1 bit=3 cycle=6 payload=a6"", ""8N1 bit=3 cycle=7 payload=a6"", ""8N1 bit=6 cycle=0 payload=a6"", ""8N1 bit=6 cycle=1 payload=a6"", ""8N1 bit=6 cycle=2 payload=a6"", ""8N1 bit=6 cycle=3 payload=a6"", ""8N1 bit=6 cycle=4 payload=a6"", ""8N1 bit=6 cycle=5 payload=a6"", ""8N1 bit=6 cycle=6 payload=a6"", ""8N1 bit=6 cycle=7 payload=a6"", ""8N1 bit=8 cycle=0 payload=a6"", ""8N1 bit=8 cycle=1 payload=a6"", ""8N1 bit=8 cycle=2 payload=a6"", ""8N1 bit=8 cycle=3 payload=a6"", ""8N1 bit=8 cycle=4 payload=a6"", ""8N1 bit=8 cycle=5 payload=a6"", ""8N1 bit=8 cycle=6 payload=a6"", ""8N1 bit=8 cycle=7 payload=a6"", ""8N1 bit=9 cycle=0 payload=a6"", ""8N1 bit=9 cycle=1 payload=a6"", ""8N1 bit=9 cycle=2 payload=a6"", ""8N1 bit=9 cycle=3 payload=a6"", ""8N1 bit=9 cycle=4 payload=a6"", ""8N1 bit=9 cycle=5 payload=a6"", ""8N1 bit=9 cycle=6 payload=a6"", ""8N1 bit=9 cycle=7 payload=a6"", ""8N1 bit=9 cycle=0 payload=00"", ""8N1 bit=9 cycle=1 payload=00"", ""8N1 bit=9 cycle=2 payload=00"", ""8N1 bit=9 cycle=3 payload=00"", ""8N1 bit=9 cycle=4 payload=00"", ""8N1 bit=9 cycle=5 payload=00"", ""8N1 bit=9 cycle=6 payload=00"", ""8N1 bit=9 cycle=7 payload=00"", ""8N1 bit=1 cycle=0 payload=ff"", ""8N1 bit=1 cycle=1 payload=ff"", ""8N1 bit=1 cycle=2 payload=ff"", ""8N1 bit=1 cycle=3 payload=ff"", ""8N1 bit=1 cycle=4 payload=ff"", ""8N1 bit=1 cycle=5 payload=ff"", ""8N1 bit=1 cycle=6 payload=ff"", ""8N1 bit=1 cycle=7 payload=ff"", ""8N1 bit=2 cycle=0 payload=ff"", ""8N1 bit=2 cycle=1 payload=ff"", ""8N1 bit=2 cycle=2 payload=ff"", ""8N1 bit=2 cycle=3 payload=ff"", ""8N1 bit=2 cycle=4 payload=ff"", ""8N1 bit=2 cycle=5 payload=ff"", ""8N1 bit=2 cycle=6 payload=ff"", ""8N1 bit=2 cycle=7 payload=ff"", ""8N1 bit=3 cycle=0 payload=ff"", ""8N1 bit=3 cycle=1 payload=ff"", ""8N1 bit=3 cycle=2 payload=ff"", ""8N1 bit=3 cycle=3 payload=ff"", ""8N1 bit=3 cycle=4 payload=ff"", ""8N1 bit=3 cycle=5 payload=ff"", ""8N1 bit=3 cycle=6 payload=ff"", ""8N1 bit=3 cycle=7 payload=ff"", ""8N1 bit=4 cycle=0 payload=ff"", ""8N1 bit=4 cycle=1 payload=ff"", ""8N1 bit=4 cycle=2 payload=ff"", ""8N1 bit=4 cycle=3 payload=ff"", ""8N1 bit=4 cycle=4 payload=ff"", ""8N1 bit=4 cycle=5 payload=ff"", ""8N1 bit=4 cycle=6 payload=ff"", ""8N1 bit=4 cycle=7 payload=ff"", ""8N1 bit=5 cycle=0 payload=ff"", ""8N1 bit=5 cycle=1 payload=ff"", ""8N1 bit=5 cycle=2 payload=ff"", ""8N1 bit=5 cycle=3 payload=ff"", ""8N1 bit=5 cycle=4 payload=ff"", ""8N1 bit=5 cycle=5 payload=ff"", ""8N1 bit=5 cycle=6 payload=ff"", ""8N1 bit=5 cycle=7 payload=ff"", ""8N1 bit=6 cycle=0 payload=ff"", ""8N1 bit=6 cycle=1 payload=ff"", ""8N1 bit=6 cycle=2 payload=ff"", ""8N1 bit=6 cycle=3 payload=ff"", ""8N1 bit=6 cycle=4 payload=ff"", ""8N1 bit=6 cycle=5 payload=ff"", ""8N1 bit=6 cycle=6 payload=ff"", ""8N1 bit=6 cycle=7 payload=ff"", ""8N1 bit=7 cycle=0 payload=ff"", ""8N1 bit=7 cycle=1 payload=ff"", ""8N1 bit=7 cycle=2 payload=ff"", ""8N1 bit=7 cycle=3 payload=ff"", ""8N1 bit=7 cycle=4 payload=ff"", ""8N1 bit=7 cycle=5 payload=ff"", ""8N1 bit=7 cycle=6 payload=ff"", ""8N1 bit=7 cycle=7 payload=ff"", ""8N1 bit=8 cycle=0 payload=ff"", ""8N1 bit=8 cycle=1 payload=ff"", ""8N1 bit=8 cycle=2 payload=ff"", ""8N1 bit=8 cycle=3 payload=ff"", ""8N1 bit=8 cycle=4 payload=ff"", ""8N1 bit=8 cycle=5 payload=ff"", ""8N1 bit=8 cycle=6 payload=ff"", ""8N1 bit=8 cycle=7 payload=ff"", ""8N1 bit=9 cycle=0 payload=ff"", ""8N1 bit=9 cycle=1 payload=ff"", ""8N1 bit=9 cycle=2 payload=ff"", ""8N1 bit=9 cycle=3 payload=ff"", ""8N1 bit=9 cycle=4 payload=ff"", ""8N1 bit=9 cycle=5 payload=ff"", ""8N1 bit=9 cycle=6 payload=ff"", ""8N1 bit=9 cycle=7 payload=ff"", ""8N1 bit=1 cycle=8 payload=55"", ""8N1 bit=1 cycle=9 payload=55"", ""8N1 bit=1 cycle=10 payload=55"", ""8N1 bit=1 cycle=11 payload=55"", ""8N1 bit=1 cycle=12 payload=55"", ""8N1 bit=3 cycle=8 payload=55"", ""8N1 bit=3 cycle=9 payload=55"", ""8N1 bit=3 cycle=10 payload=55"", ""8N1 bit=3 cycle=11 payload=55"", ""8N1 bit=3 cycle=12 payload=55"", ""8N1 bit=5 cycle=8 payload=55"", ""8N1 bit=5 cycle=9 payload=55"", ""8N1 bit=5 cycle=10 payload=55"", ""8N1 bit=5 cycle=11 payload=55"", ""8N1 bit=5 cycle=12 payload=55"", ""8N1 bit=7 cycle=8 payload=55"", ""8N1 bit=7 cycle=9 payload=55"", ""8N1 bit=7 cycle=10 payload=55"", ""8N1 bit=7 cycle=11 payload=55"", ""8N1 bit=7 cycle=12 payload=55"", ""8N1 bit=9 cycle=8 payload=55"", ""8N1 bit=9 cycle=9 payload=55"", ""8N1 bit=9 cycle=10 payload=55"", ""8N1 bit=9 cycle=11 payload=55"", ""8N1 bit=9 cycle=12 payload=55"", ""8N1 bit=2 cycle=8 payload=a6"", ""8N1 bit=2 cycle=9 payload=a6"", ""8N1 bit=2 cycle=10 payload=a6"", ""8N1 bit=2 cycle=11 payload=a6"", ""8N1 bit=2 cycle=12 payload=a6"", ""8N1 bit=3 cycle=8 payload=a6"", ""8N1 bit=3 cycle=9 payload=a6"", ""8N1 bit=3 cycle=10 payload=a6"", ""8N1 bit=3 cycle=11 payload=a6"", ""8N1 bit=3 cycle=12 payload=a6"", ""8N1 bit=6 cycle=8 payload=a6"", ""8N1 bit=6 cycle=9 payload=a6"", ""8N1 bit=6 cycle=10 payload=a6"", ""8N1 bit=6 cycle=11 payload=a6"", ""8N1 bit=6 cycle=12 payload=a6"", ""8N1 bit=8 cycle=8 payload=a6"", ""8N1 bit=8 cycle=9 payload=a6"", ""8N1 bit=8 cycle=10 payload=a6"", ""8N1 bit=8 cycle=11 payload=a6"", ""8N1 bit=8 cycle=12 payload=a6"", ""8N1 bit=9 cycle=8 payload=a6"", ""8N1 bit=9 cycle=9 payload=a6"", ""8N1 bit=9 cycle=10 payload=a6"", ""8N1 bit=9 cycle=11 payload=a6"", ""8N1 bit=9 cycle=12 payload=a6"", ""8N1 bit=9 cycle=8 payload=00"", ""8N1 bit=9 cycle=9 payload=00"", ""8N1 bit=9 cycle=10 payload=00"", ""8N1 bit=9 cycle=11 payload=00"", ""8N1 bit=9 cycle=12 payload=00"", ""8N1 bit=1 cycle=8 payload=ff"", ""8N1 bit=1 cycle=9 payload=ff"", ""8N1 bit=1 cycle=10 payload=ff"", ""8N1 bit=1 cycle=11 payload=ff"", ""8N1 bit=1 cycle=12 payload=ff"", ""8N1 bit=2 cycle=8 payload=ff"", ""8N1 bit=2 cycle=9 payload=ff"", ""8N1 bit=2 cycle=10 payload=ff"", ""8N1 bit=2 cycle=11 payload=ff"", ""8N1 bit=2 cycle=12 payload=ff"", ""8N1 bit=3 cycle=8 payload=ff"", ""8N1 bit=3 cycle=9 payload=ff"", ""8N1 bit=3 cycle=10 payload=ff"", ""8N1 bit=3 cycle=11 payload=ff"", ""8N1 bit=3 cycle=12 payload=ff"", ""8N1 bit=4 cycle=8 payload=ff"", ""8N1 bit=4 cycle=9 payload=ff"", ""8N1 bit=4 cycle=10 payload=ff"", ""8N1 bit=4 cycle=11 payload=ff"", ""8N1 bit=4 cycle=12 payload=ff"", ""8N1 bit=5 cycle=8 payload=ff"", ""8N1 bit=5 cycle=9 payload=ff"", ""8N1 bit=5 cycle=10 payload=ff"", ""8N1 bit=5 cycle=11 payload=ff"", ""8N1 bit=5 cycle=12 payload=ff"", ""8N1 bit=6 cycle=8 payload=ff"", ""8N1 bit=6 cycle=9 payload=ff"", ""8N1 bit=6 cycle=10 payload=ff"", ""8N1 bit=6 cycle=11 payload=ff"", ""8N1 bit=6 cycle=12 payload=ff"", ""8N1 bit=7 cycle=8 payload=ff"", ""8N1 bit=7 cycle=9 payload=ff"", ""8N1 bit=7 cycle=10 payload=ff"", ""8N1 bit=7 cycle=11 payload=ff"", ""8N1 bit=7 cycle=12 payload=ff"", ""8N1 bit=8 cycle=8 payload=ff"", ""8N1 bit=8 cycle=9 payload=ff"", ""8N1 bit=8 cycle=10 payload=ff"", ""8N1 bit=8 cycle=11 payload=ff"", ""8N1 bit=8 cycle=12 payload=ff"", ""8N1 bit=9 cycle=8 payload=ff"", ""8N1 bit=9 cycle=9 payload=ff"", ""8N1 bit=9 cycle=10 payload=ff"", ""8N1 bit=9 cycle=11 payload=ff"", ""8N1 bit=9 cycle=12 payload=ff""]"
verilog,gemma4-fpga,Gemma 4 12B,axi_lite,FAIL,FAIL,72,42,COMPLETE,0,6,0,6,20260921-051654-verilog-skill,2026-09-22T16:19:04+0100,e73a3a9957b579f682f91286dfb19c1d04729e83b7f3c84fc5ed1ca02afef65d,20260921-051654-verilog-skill\gemma4-fpga\axi_lite.sv,verification/batches/20260922-161336/runs/20260921-051654-verilog-skill/gemma4-fpga/axi_lite/compile.log,"[""verification/batches/20260922-161336/runs/20260921-051654-verilog-skill/gemma4-fpga/axi_lite/sim_default.log""]",verification/batches/20260922-161336/runs/20260921-051654-verilog-skill/gemma4-fpga/axi_lite/bps_final/bluepearl.log,"[""BVALID independent of BREADY"", ""exposed register 0"", ""exposed register 1"", ""exposed register 2"", ""exposed register 3"", ""RVALID independent of RREADY""]"
verilog,gemma4-fpga,Gemma 4 12B,bugfix,PASS,PASS_TESTED,513,0,COMPLETE,0,0,0,0,20260921-051654-verilog-skill,2026-09-22T16:19:16+0100,3785cffdc530e77248327aa17b86ac3beda325c9bec6411a9d8334de14b022ad,20260921-051654-verilog-skill\gemma4-fpga\bugfix.sv,verification/batches/20260922-161336/runs/20260921-051654-verilog-skill/gemma4-fpga/bugfix/compile.log,"[""verification/batches/20260922-161336/runs/20260921-051654-verilog-skill/gemma4-fpga/bugfix/sim_default.log""]",verification/batches/20260922-161336/runs/20260921-051654-verilog-skill/gemma4-fpga/bugfix/bps_final/bluepearl.log,[]
verilog,gemma4-fpga,Gemma 4 12B,cdc_sync,PASS,REQUEST_MISMATCH,800,0,COMPLETE,0,2,0,2,20260921-051654-verilog-skill,2026-09-22T16:19:23+0100,19d366a9b75ae4105a63f793b35af7b1a5345169e90df4db05b49f2962ba6ae2,20260921-051654-verilog-skill\gemma4-fpga\cdc_sync.sv,verification/batches/20260922-161336/runs/20260921-051654-verilog-skill/gemma4-fpga/cdc_sync/compile.log,"[""verification/batches/20260922-161336/runs/20260921-051654-verilog-skill/gemma4-fpga/cdc_sync/sim_default.log"", ""verification/batches/20260922-161336/runs/20260921-051654-verilog-skill/gemma4-fpga/cdc_sync/sim_stages3.log""]",verification/batches/20260922-161336/runs/20260921-051654-verilog-skill/gemma4-fpga/cdc_sync/bps_final/bluepearl.log,"[""The output uses sync_pipeline. Only its first-stage process is annotated; the remaining synchronizer stages have no ASYNC_REG attribute. The separately annotated sync_stage_0 does not drive the output.""]"
verilog,gemma4-fpga,Gemma 4 12B,counter,PASS,PASS_TESTED,321,0,COMPLETE,0,0,0,0,20260921-051654-verilog-skill,2026-09-22T16:19:25+0100,96bee197a74f70c11dacbeec14f184c0005fe97a58622d3ad85096b798f99b73,20260921-051654-verilog-skill\gemma4-fpga\counter.sv,verification/batches/20260922-161336/runs/20260921-051654-verilog-skill/gemma4-fpga/counter/compile.log,"[""verification/batches/20260922-161336/runs/20260921-051654-verilog-skill/gemma4-fpga/counter/sim_default.log""]",verification/batches/20260922-161336/runs/20260921-051654-verilog-skill/gemma4-fpga/counter/bps_final/bluepearl.log,[]
verilog,gemma4-fpga,Gemma 4 12B,fifo,FAIL,FAIL,6836,1028,COMPLETE,0,1,0,0,20260921-051654-verilog-skill,2026-09-22T16:19:30+0100,b068792e5ef70d017237f4e71a43cfc90a7fb0ec7af3845980d7383291423d34,20260921-051654-verilog-skill\gemma4-fpga\fifo.sv,verification/batches/20260922-161336/runs/20260921-051654-verilog-skill/gemma4-fpga/fifo/compile.log,"[""verification/batches/20260922-161336/runs/20260921-051654-verilog-skill/gemma4-fpga/fifo/sim_default.log"", ""verification/batches/20260922-161336/runs/20260921-051654-verilog-skill/gemma4-fpga/fifo/sim_width16_depth4.log""]",verification/batches/20260922-161336/runs/20260921-051654-verilog-skill/gemma4-fpga/fifo/bps_final/bluepearl.log,"[""Read data is a combinational RAM lookup, rather than a clocked RAM read. This does not implement the requested synchronous block-RAM read structure."", ""WIDTH is declared as a 4-bit parameter: default 32 truncates to zero, and tested WIDTH=16 also truncates to zero."", ""FIFO ordering / synchronous read""]"
verilog,gemma4-fpga,Gemma 4 12B,uart_tx,PASS,PASS_TESTED,1628,0,COMPLETE,0,1,0,0,20260921-051654-verilog-skill,2026-09-22T16:19:35+0100,e7bf4e87ff0568e112e7412e45bac2f70f6fc9b69a72c46398f5d21e661f0b3f,20260921-051654-verilog-skill\gemma4-fpga\uart_tx.sv,verification/batches/20260922-161336/runs/20260921-051654-verilog-skill/gemma4-fpga/uart_tx/compile.log,"[""verification/batches/20260922-161336/runs/20260921-051654-verilog-skill/gemma4-fpga/uart_tx/sim_default.log"", ""verification/batches/20260922-161336/runs/20260921-051654-verilog-skill/gemma4-fpga/uart_tx/sim_divisor13.log""]",verification/batches/20260922-161336/runs/20260921-051654-verilog-skill/gemma4-fpga/uart_tx/bps_final/bluepearl.log,[]
verilog,qwen-fpga,Qwen 3.5 9B,axi_lite,ELABORATION_FAIL,ELABORATION_FAIL,0,,ANALYSIS_ERROR,65,5,1,0,20260921-051654-verilog-skill,2026-09-22T16:20:58+0100,8dfe4773f55969f58aa8ce41d361aa13dacf2ee61e219e9319444e88da5ea4c2,20260921-051654-verilog-skill\qwen-fpga\axi_lite.sv,verification/batches/20260922-161336/runs/20260921-051654-verilog-skill/qwen-fpga/axi_lite/compile.log,"[""verification/batches/20260922-161336/runs/20260921-051654-verilog-skill/qwen-fpga/axi_lite/sim_default.log""]",verification/batches/20260922-161336/runs/20260921-051654-verilog-skill/qwen-fpga/axi_lite/bps_final/bluepearl.log,"[""Missing requested/AXI port reg0"", ""Missing requested/AXI port reg1"", ""Missing requested/AXI port reg2"", ""Missing requested/AXI port reg3"", ""# ** Error (suppressible): C:\\hdl_projects\\ai_on_prem\\20260921-051654-verilog-skill\\qwen-fpga\\axi_lite.sv(121): (vopt-7033) Variable 'rdata' driven in a combinational block, may not be driven by any other process. See C:\\hdl_projects\\ai_on_prem\\20260921-051654-verilog-skill\\qwen-fpga\\axi_lite.sv(60)."", ""# ** Error (suppressible): C:\\hdl_projects\\ai_on_prem\\20260921-051654-verilog-skill\\qwen-fpga\\axi_lite.sv(122): (vopt-7033) Variable 'rresp' driven in a combinational block, may not be driven by any other process. See C:\\hdl_projects\\ai_on_prem\\20260921-051654-verilog-skill\\qwen-fpga\\axi_lite.sv(61)."", ""# ** Error (suppressible): C:\\hdl_projects\\ai_on_prem\\20260921-051654-verilog-skill\\qwen-fpga\\axi_lite.sv(124): (vopt-7033) Variable 'rdata' driven in a combinational block, may not be driven by any other process. See C:\\hdl_projects\\ai_on_prem\\20260921-051654-verilog-skill\\qwen-fpga\\axi_lite.sv(60)."", ""# ** Error (suppressible): C:\\hdl_projects\\ai_on_prem\\20260921-051654-verilog-skill\\qwen-fpga\\axi_lite.sv(125): (vopt-7033) Variable 'rresp' driven in a combinational block, may not be driven by any other process. See C:\\hdl_projects\\ai_on_prem\\20260921-051654-verilog-skill\\qwen-fpga\\axi_lite.sv(61)."", ""# ** Error: (vopt-2064) Compiler back-end code generation process terminated due to previous errors with code 12.""]"
verilog,qwen-fpga,Qwen 3.5 9B,bugfix,ELABORATION_FAIL,ELABORATION_FAIL,0,,ANALYSIS_ERROR,3,2,1,0,20260921-051654-verilog-skill,2026-09-22T16:21:07+0100,d1a400998ea4269fc63a2cea6faaa852c664ae9df8750e91df96d0742d7e311c,20260921-051654-verilog-skill\qwen-fpga\bugfix.sv,verification/batches/20260922-161336/runs/20260921-051654-verilog-skill/qwen-fpga/bugfix/compile.log,"[""verification/batches/20260922-161336/runs/20260921-051654-verilog-skill/qwen-fpga/bugfix/sim_default.log""]",verification/batches/20260922-161336/runs/20260921-051654-verilog-skill/qwen-fpga/bugfix/bps_final/bluepearl.log,"[""# ** Error (suppressible): C:\\hdl_projects\\ai_on_prem\\20260921-051654-verilog-skill\\qwen-fpga\\bugfix.sv(17): (vopt-7033) Variable 'q' driven in a combinational block, may not be driven by any other process. See C:\\hdl_projects\\ai_on_prem\\20260921-051654-verilog-skill\\qwen-fpga\\bugfix.sv(11)."", ""# ** Error (suppressible): C:\\hdl_projects\\ai_on_prem\\20260921-051654-verilog-skill\\qwen-fpga\\bugfix.sv(19): (vopt-7033) Variable 'q' driven in a combinational block, may not be driven by any other process. See C:\\hdl_projects\\ai_on_prem\\20260921-051654-verilog-skill\\qwen-fpga\\bugfix.sv(11)."", ""# ** Error: (vopt-2064) Compiler back-end code generation process terminated due to previous errors with code 12.""]"
verilog,qwen-fpga,Qwen 3.5 9B,cdc_sync,FAIL,FAIL,800,229,COMPLETE,0,4,0,4,20260921-051654-verilog-skill,2026-09-22T16:21:08+0100,297561ac1d1265fe37ec7f56032c592eb770b7f932a65e8a93b24ce417936af4,20260921-051654-verilog-skill\qwen-fpga\cdc_sync.sv,verification/batches/20260922-161336/runs/20260921-051654-verilog-skill/qwen-fpga/cdc_sync/compile.log,"[""verification/batches/20260922-161336/runs/20260921-051654-verilog-skill/qwen-fpga/cdc_sync/sim_default.log"", ""verification/batches/20260922-161336/runs/20260921-051654-verilog-skill/qwen-fpga/cdc_sync/sim_stages3.log""]",verification/batches/20260922-161336/runs/20260921-051654-verilog-skill/qwen-fpga/cdc_sync/bps_final/bluepearl.log,"[""Required ASYNC_REG attribute missing from code."", ""STAGES destination-edge latency""]"
verilog,qwen-fpga,Qwen 3.5 9B,counter,PASS,PASS_TESTED,321,0,COMPLETE,0,0,0,0,20260921-051654-verilog-skill,2026-09-22T16:21:15+0100,740022d5044d55c71e46c858ad6f9b037189fe44016b72070b3fc77e9242dd76,20260921-051654-verilog-skill\qwen-fpga\counter.sv,verification/batches/20260922-161336/runs/20260921-051654-verilog-skill/qwen-fpga/counter/compile.log,"[""verification/batches/20260922-161336/runs/20260921-051654-verilog-skill/qwen-fpga/counter/sim_default.log""]",verification/batches/20260922-161336/runs/20260921-051654-verilog-skill/qwen-fpga/counter/bps_final/bluepearl.log,[]
verilog,qwen-fpga,Qwen 3.5 9B,fifo,COMPILE_FAIL,COMPILE_FAIL,0,,ANALYSIS_ERROR,7,0,1,0,20260921-051654-verilog-skill,2026-09-22T16:21:19+0100,a24e717ae5bd2028528d0b80d24ef5d1e788c0854997d08aa31632690461c324,20260921-051654-verilog-skill\qwen-fpga\fifo.sv,verification/batches/20260922-161336/runs/20260921-051654-verilog-skill/qwen-fpga/fifo/compile.log,[],verification/batches/20260922-161336/runs/20260921-051654-verilog-skill/qwen-fpga/fifo/bps_final/bluepearl.log,"[""Read data is a combinational RAM lookup, rather than a clocked RAM read. This does not implement the requested synchronous block-RAM read structure."", ""** Error: (vlog-13069) C:\\hdl_projects\\ai_on_prem\\20260921-051654-verilog-skill\\qwen-fpga\\fifo.sv(47): near \""=\"": syntax error, unexpected '='."", ""** Error: C:\\hdl_projects\\ai_on_prem\\20260921-051654-verilog-skill\\qwen-fpga\\fifo.sv(47): (vlog-13205) Syntax error found in the scope following 'full'. Is there a missing '::'?""]"
verilog,qwen-fpga,Qwen 3.5 9B,uart_tx,FAIL,FAIL,1628,1118,COMPLETE,0,6,0,6,20260921-051654-verilog-skill,2026-09-22T16:21:19+0100,4bac26b8eca625ceb243d46658785a69d25a0f928545855559e7a3833351b8c0,20260921-051654-verilog-skill\qwen-fpga\uart_tx.sv,verification/batches/20260922-161336/runs/20260921-051654-verilog-skill/qwen-fpga/uart_tx/compile.log,"[""verification/batches/20260922-161336/runs/20260921-051654-verilog-skill/qwen-fpga/uart_tx/sim_default.log"", ""verification/batches/20260922-161336/runs/20260921-051654-verilog-skill/qwen-fpga/uart_tx/sim_divisor13.log""]",verification/batches/20260922-161336/runs/20260921-051654-verilog-skill/qwen-fpga/uart_tx/bps_final/bluepearl.log,"[""reset idle tx"", ""8N1 bit=1 cycle=0 payload=55"", ""8N1 bit=1 cycle=1 payload=55"", ""8N1 bit=1 cycle=2 payload=55"", ""busy during start/data"", ""8N1 bit=1 cycle=3 payload=55"", ""8N1 bit=1 cycle=4 payload=55"", ""8N1 bit=1 cycle=5 payload=55"", ""8N1 bit=1 cycle=6 payload=55"", ""8N1 bit=1 cycle=7 payload=55"", ""8N1 bit=3 cycle=0 payload=55"", ""8N1 bit=3 cycle=1 payload=55"", ""8N1 bit=3 cycle=2 payload=55"", ""8N1 bit=3 cycle=3 payload=55"", ""8N1 bit=3 cycle=4 payload=55"", ""8N1 bit=3 cycle=5 payload=55"", ""8N1 bit=3 cycle=6 payload=55"", ""8N1 bit=3 cycle=7 payload=55"", ""8N1 bit=5 cycle=0 payload=55"", ""8N1 bit=5 cycle=1 payload=55"", ""8N1 bit=5 cycle=2 payload=55"", ""8N1 bit=5 cycle=3 payload=55"", ""8N1 bit=5 cycle=4 payload=55"", ""8N1 bit=5 cycle=5 payload=55"", ""8N1 bit=5 cycle=6 payload=55"", ""8N1 bit=5 cycle=7 payload=55"", ""8N1 bit=7 cycle=0 payload=55"", ""8N1 bit=7 cycle=1 payload=55"", ""8N1 bit=7 cycle=2 payload=55"", ""8N1 bit=7 cycle=3 payload=55"", ""8N1 bit=7 cycle=4 payload=55"", ""8N1 bit=7 cycle=5 payload=55"", ""8N1 bit=7 cycle=6 payload=55"", ""8N1 bit=8 cycle=0 payload=55"", ""8N1 bit=8 cycle=1 payload=55"", ""8N1 bit=8 cycle=2 payload=55"", ""8N1 bit=8 cycle=3 payload=55"", ""8N1 bit=8 cycle=4 payload=55"", ""8N1 bit=8 cycle=5 payload=55"", ""8N1 bit=8 cycle=6 payload=55"", ""8N1 bit=9 cycle=0 payload=55"", ""8N1 bit=9 cycle=1 payload=55"", ""8N1 bit=9 cycle=2 payload=55"", ""8N1 bit=9 cycle=3 payload=55"", ""8N1 bit=9 cycle=4 payload=55"", ""8N1 bit=9 cycle=5 payload=55"", ""8N1 bit=9 cycle=6 payload=55"", ""8N1 bit=9 cycle=7 payload=55"", ""idle high"", ""8N1 bit=2 cycle=0 payload=a6"", ""8N1 bit=2 cycle=1 payload=a6"", ""8N1 bit=2 cycle=2 payload=a6"", ""8N1 bit=2 cycle=3 payload=a6"", ""8N1 bit=2 cycle=4 payload=a6"", ""8N1 bit=2 cycle=5 payload=a6"", ""8N1 bit=2 cycle=6 payload=a6"", ""8N1 bit=2 cycle=7 payload=a6"", ""8N1 bit=3 cycle=0 payload=a6"", ""8N1 bit=3 cycle=1 payload=a6"", ""8N1 bit=3 cycle=2 payload=a6"", ""8N1 bit=3 cycle=3 payload=a6"", ""8N1 bit=3 cycle=4 payload=a6"", ""8N1 bit=3 cycle=5 payload=a6"", ""8N1 bit=3 cycle=6 payload=a6"", ""8N1 bit=3 cycle=7 payload=a6"", ""8N1 bit=6 cycle=0 payload=a6"", ""8N1 bit=6 cycle=1 payload=a6"", ""8N1 bit=6 cycle=2 payload=a6"", ""8N1 bit=6 cycle=3 payload=a6"", ""8N1 bit=6 cycle=4 payload=a6"", ""8N1 bit=6 cycle=5 payload=a6"", ""8N1 bit=6 cycle=6 payload=a6"", ""8N1 bit=6 cycle=7 payload=a6"", ""8N1 bit=7 cycle=6 payload=a6"", ""8N1 bit=7 cycle=7 payload=a6"", ""8N1 bit=8 cycle=6 payload=a6"", ""8N1 bit=8 cycle=7 payload=a6"", ""8N1 bit=9 cycle=0 payload=a6"", ""8N1 bit=9 cycle=1 payload=a6"", ""8N1 bit=9 cycle=2 payload=a6"", ""8N1 bit=9 cycle=3 payload=a6"", ""8N1 bit=9 cycle=4 payload=a6"", ""8N1 bit=9 cycle=5 payload=a6"", ""8N1 bit=9 cycle=6 payload=a6"", ""8N1 bit=9 cycle=7 payload=a6"", ""8N1 bit=7 cycle=5 payload=00"", ""8N1 bit=7 cycle=6 payload=00"", ""8N1 bit=7 cycle=7 payload=00"", ""8N1 bit=8 cycle=0 payload=00"", ""8N1 bit=8 cycle=1 payload=00"", ""8N1 bit=8 cycle=2 payload=00"", ""8N1 bit=8 cycle=3 payload=00"", ""8N1 bit=8 cycle=4 payload=00"", ""8N1 bit=9 cycle=0 payload=00"", ""8N1 bit=9 cycle=1 payload=00"", ""8N1 bit=9 cycle=2 payload=00"", ""8N1 bit=9 cycle=3 payload=00"", ""8N1 bit=9 cycle=4 payload=00"", ""8N1 bit=9 cycle=5 payload=00"", ""8N1 bit=9 cycle=6 payload=00"", ""8N1 bit=9 cycle=7 payload=00"", ""8N1 bit=1 cycle=0 payload=ff"", ""8N1 bit=1 cycle=1 payload=ff"", ""8N1 bit=1 cycle=2 payload=ff"", ""8N1 bit=1 cycle=3 payload=ff"", ""8N1 bit=1 cycle=4 payload=ff"", ""8N1 bit=1 cycle=5 payload=ff"", ""8N1 bit=1 cycle=6 payload=ff"", ""8N1 bit=1 cycle=7 payload=ff"", ""8N1 bit=2 cycle=0 payload=ff"", ""8N1 bit=2 cycle=1 payload=ff"", ""8N1 bit=2 cycle=2 payload=ff"", ""8N1 bit=2 cycle=3 payload=ff"", ""8N1 bit=2 cycle=4 payload=ff"", ""8N1 bit=2 cycle=5 payload=ff"", ""8N1 bit=2 cycle=6 payload=ff"", ""8N1 bit=2 cycle=7 payload=ff"", ""8N1 bit=3 cycle=0 payload=ff"", ""8N1 bit=3 cycle=1 payload=ff"", ""8N1 bit=3 cycle=2 payload=ff"", ""8N1 bit=3 cycle=3 payload=ff"", ""8N1 bit=3 cycle=4 payload=ff"", ""8N1 bit=3 cycle=5 payload=ff"", ""8N1 bit=3 cycle=6 payload=ff"", ""8N1 bit=3 cycle=7 payload=ff"", ""8N1 bit=4 cycle=0 payload=ff"", ""8N1 bit=4 cycle=1 payload=ff"", ""8N1 bit=4 cycle=2 payload=ff"", ""8N1 bit=4 cycle=3 payload=ff"", ""8N1 bit=4 cycle=4 payload=ff"", ""8N1 bit=4 cycle=5 payload=ff"", ""8N1 bit=4 cycle=6 payload=ff"", ""8N1 bit=4 cycle=7 payload=ff"", ""8N1 bit=5 cycle=0 payload=ff"", ""8N1 bit=5 cycle=1 payload=ff"", ""8N1 bit=5 cycle=2 payload=ff"", ""8N1 bit=5 cycle=3 payload=ff"", ""8N1 bit=5 cycle=4 payload=ff"", ""8N1 bit=5 cycle=5 payload=ff"", ""8N1 bit=5 cycle=6 payload=ff"", ""8N1 bit=5 cycle=7 payload=ff"", ""8N1 bit=6 cycle=0 payload=ff"", ""8N1 bit=6 cycle=1 payload=ff"", ""8N1 bit=6 cycle=2 payload=ff"", ""8N1 bit=6 cycle=3 payload=ff"", ""8N1 bit=6 cycle=4 payload=ff"", ""8N1 bit=6 cycle=5 payload=ff"", ""8N1 bit=6 cycle=6 payload=ff"", ""8N1 bit=6 cycle=7 payload=ff"", ""8N1 bit=7 cycle=0 payload=ff"", ""8N1 bit=7 cycle=1 payload=ff"", ""8N1 bit=7 cycle=2 payload=ff"", ""8N1 bit=7 cycle=3 payload=ff"", ""8N1 bit=7 cycle=4 payload=ff"", ""8N1 bit=7 cycle=5 payload=ff"", ""8N1 bit=7 cycle=6 payload=ff"", ""8N1 bit=7 cycle=7 payload=ff"", ""8N1 bit=8 cycle=0 payload=ff"", ""8N1 bit=8 cycle=1 payload=ff"", ""8N1 bit=8 cycle=2 payload=ff"", ""8N1 bit=8 cycle=3 payload=ff"", ""8N1 bit=8 cycle=4 payload=ff"", ""8N1 bit=8 cycle=5 payload=ff"", ""8N1 bit=8 cycle=6 payload=ff"", ""8N1 bit=8 cycle=7 payload=ff"", ""8N1 bit=9 cycle=0 payload=ff"", ""8N1 bit=9 cycle=1 payload=ff"", ""8N1 bit=9 cycle=2 payload=ff"", ""8N1 bit=9 cycle=3 payload=ff"", ""8N1 bit=9 cycle=4 payload=ff"", ""8N1 bit=9 cycle=5 payload=ff"", ""8N1 bit=9 cycle=6 payload=ff"", ""8N1 bit=9 cycle=7 payload=ff"", ""reset aborts frame"", ""8N1 bit=1 cycle=8 payload=55"", ""8N1 bit=1 cycle=9 payload=55"", ""8N1 bit=1 cycle=10 payload=55"", ""8N1 bit=1 cycle=11 payload=55"", ""8N1 bit=1 cycle=12 payload=55"", ""8N1 bit=3 cycle=8 payload=55"", ""8N1 bit=3 cycle=9 payload=55"", ""8N1 bit=3 cycle=10 payload=55"", ""8N1 bit=3 cycle=11 payload=55"", ""8N1 bit=3 cycle=12 payload=55"", ""8N1 bit=5 cycle=8 payload=55"", ""8N1 bit=5 cycle=9 payload=55"", ""8N1 bit=5 cycle=10 payload=55"", ""8N1 bit=5 cycle=11 payload=55"", ""8N1 bit=5 cycle=12 payload=55"", ""8N1 bit=7 cycle=7 payload=55"", ""8N1 bit=7 cycle=8 payload=55"", ""8N1 bit=7 cycle=9 payload=55"", ""8N1 bit=7 cycle=10 payload=55"", ""8N1 bit=7 cycle=11 payload=55"", ""8N1 bit=7 cycle=12 payload=55"", ""8N1 bit=9 cycle=8 payload=55"", ""8N1 bit=9 cycle=9 payload=55"", ""8N1 bit=9 cycle=10 payload=55"", ""8N1 bit=9 cycle=11 payload=55"", ""8N1 bit=9 cycle=12 payload=55"", ""8N1 bit=2 cycle=8 payload=a6"", ""8N1 bit=2 cycle=9 payload=a6"", ""8N1 bit=2 cycle=10 payload=a6"", ""8N1 bit=2 cycle=11 payload=a6"", ""8N1 bit=2 cycle=12 payload=a6"", ""8N1 bit=3 cycle=8 payload=a6"", ""8N1 bit=3 cycle=9 payload=a6"", ""8N1 bit=3 cycle=10 payload=a6"", ""8N1 bit=3 cycle=11 payload=a6"", ""8N1 bit=3 cycle=12 payload=a6"", ""8N1 bit=6 cycle=8 payload=a6"", ""8N1 bit=6 cycle=9 payload=a6"", ""8N1 bit=6 cycle=10 payload=a6"", ""8N1 bit=6 cycle=11 payload=a6"", ""8N1 bit=6 cycle=12 payload=a6"", ""8N1 bit=8 cycle=0 payload=a6"", ""8N1 bit=8 cycle=1 payload=a6"", ""8N1 bit=8 cycle=2 payload=a6"", ""8N1 bit=8 cycle=3 payload=a6"", ""8N1 bit=8 cycle=4 payload=a6"", ""8N1 bit=8 cycle=5 payload=a6"", ""8N1 bit=8 cycle=8 payload=a6"", ""8N1 bit=8 cycle=9 payload=a6"", ""8N1 bit=8 cycle=10 payload=a6"", ""8N1 bit=8 cycle=11 payload=a6"", ""8N1 bit=8 cycle=12 payload=a6"", ""8N1 bit=9 cycle=8 payload=a6"", ""8N1 bit=9 cycle=9 payload=a6"", ""8N1 bit=9 cycle=10 payload=a6"", ""8N1 bit=9 cycle=11 payload=a6"", ""8N1 bit=9 cycle=12 payload=a6"", ""8N1 bit=9 cycle=8 payload=00"", ""8N1 bit=9 cycle=9 payload=00"", ""8N1 bit=9 cycle=10 payload=00"", ""8N1 bit=9 cycle=11 payload=00"", ""8N1 bit=9 cycle=12 payload=00"", ""8N1 bit=1 cycle=8 payload=ff"", ""8N1 bit=1 cycle=9 payload=ff"", ""8N1 bit=1 cycle=10 payload=ff"", ""8N1 bit=1 cycle=11 payload=ff"", ""8N1 bit=1 cycle=12 payload=ff"", ""8N1 bit=2 cycle=8 payload=ff"", ""8N1 bit=2 cycle=9 payload=ff"", ""8N1 bit=2 cycle=10 payload=ff"", ""8N1 bit=2 cycle=11 payload=ff"", ""8N1 bit=2 cycle=12 payload=ff"", ""8N1 bit=3 cycle=8 payload=ff"", ""8N1 bit=3 cycle=9 payload=ff"", ""8N1 bit=3 cycle=10 payload=ff"", ""8N1 bit=3 cycle=11 payload=ff"", ""8N1 bit=3 cycle=12 payload=ff"", ""8N1 bit=4 cycle=8 payload=ff"", ""8N1 bit=4 cycle=9 payload=ff"", ""8N1 bit=4 cycle=10 payload=ff"", ""8N1 bit=4 cycle=11 payload=ff"", ""8N1 bit=4 cycle=12 payload=ff"", ""8N1 bit=5 cycle=8 payload=ff"", ""8N1 bit=5 cycle=9 payload=ff"", ""8N1 bit=5 cycle=10 payload=ff"", ""8N1 bit=5 cycle=11 payload=ff"", ""8N1 bit=5 cycle=12 payload=ff"", ""8N1 bit=6 cycle=8 payload=ff"", ""8N1 bit=6 cycle=9 payload=ff"", ""8N1 bit=6 cycle=10 payload=ff"", ""8N1 bit=6 cycle=11 payload=ff"", ""8N1 bit=6 cycle=12 payload=ff"", ""8N1 bit=7 cycle=8 payload=ff"", ""8N1 bit=7 cycle=9 payload=ff"", ""8N1 bit=7 cycle=10 payload=ff"", ""8N1 bit=7 cycle=11 payload=ff"", ""8N1 bit=7 cycle=12 payload=ff"", ""8N1 bit=8 cycle=8 payload=ff"", ""8N1 bit=8 cycle=9 payload=ff"", ""8N1 bit=8 cycle=10 payload=ff"", ""8N1 bit=8 cycle=11 payload=ff"", ""8N1 bit=8 cycle=12 payload=ff"", ""8N1 bit=9 cycle=8 payload=ff"", ""8N1 bit=9 cycle=9 payload=ff"", ""8N1 bit=9 cycle=10 payload=ff"", ""8N1 bit=9 cycle=11 payload=ff"", ""8N1 bit=9 cycle=12 payload=ff""]"
verilog,qwen3-coder_30b,Qwen3-Coder 30B,axi_lite,FAIL,FAIL,40,31,COMPLETE,0,48,0,38,20260921-051654-verilog-skill,2026-09-22T16:22:04+0100,5ed6956cd1be865bf8c3432fe143c87ef94054212ccf655d6ab1f88449ad18ad,20260921-051654-verilog-skill\qwen3-coder_30b\axi_lite.sv,verification/batches/20260922-161336/runs/20260921-051654-verilog-skill/qwen3-coder_30b/axi_lite/compile.log,"[""verification/batches/20260922-161336/runs/20260921-051654-verilog-skill/qwen3-coder_30b/axi_lite/sim_default.log""]",verification/batches/20260922-161336/runs/20260921-051654-verilog-skill/qwen3-coder_30b/axi_lite/bps_final/bluepearl.log,"[""Missing requested/AXI port reg0"", ""Missing requested/AXI port reg1"", ""Missing requested/AXI port reg2"", ""Missing requested/AXI port reg3"", ""BVALID independent of BREADY"", ""AW/W accepted independently and bounded completion"", ""AR handshake"", ""RVALID independent of RREADY""]"
verilog,qwen3-coder_30b,Qwen3-Coder 30B,bugfix,PASS,PASS_TESTED,513,0,COMPLETE,0,0,0,0,20260921-051654-verilog-skill,2026-09-22T16:22:14+0100,9a3daa1fa6c513093763162f128d99c254aa5571939a68eb0befb85ac560e30b,20260921-051654-verilog-skill\qwen3-coder_30b\bugfix.sv,verification/batches/20260922-161336/runs/20260921-051654-verilog-skill/qwen3-coder_30b/bugfix/compile.log,"[""verification/batches/20260922-161336/runs/20260921-051654-verilog-skill/qwen3-coder_30b/bugfix/sim_default.log""]",verification/batches/20260922-161336/runs/20260921-051654-verilog-skill/qwen3-coder_30b/bugfix/bps_final/bluepearl.log,[]
verilog,qwen3-coder_30b,Qwen3-Coder 30B,cdc_sync,FAIL,FAIL,800,69,COMPLETE,0,0,0,0,20260921-051654-verilog-skill,2026-09-22T16:22:17+0100,f8a77c85e4c30d76f691aa3f51671964e108744824a530ac672b577112700a50,20260921-051654-verilog-skill\qwen3-coder_30b\cdc_sync.sv,verification/batches/20260922-161336/runs/20260921-051654-verilog-skill/qwen3-coder_30b/cdc_sync/compile.log,"[""verification/batches/20260922-161336/runs/20260921-051654-verilog-skill/qwen3-coder_30b/cdc_sync/sim_default.log"", ""verification/batches/20260922-161336/runs/20260921-051654-verilog-skill/qwen3-coder_30b/cdc_sync/sim_stages3.log""]",verification/batches/20260922-161336/runs/20260921-051654-verilog-skill/qwen3-coder_30b/cdc_sync/bps_final/bluepearl.log,"[""ASYNC_REG is placed on a procedural assignment, rather than the synchronizer register declaration. The final destination-clock dout register is unannotated."", ""STAGES destination-edge latency""]"
verilog,qwen3-coder_30b,Qwen3-Coder 30B,counter,PASS,PASS_TESTED,321,0,COMPLETE,0,0,0,0,20260921-051654-verilog-skill,2026-09-22T16:22:23+0100,de8cccc901cc82b9a0bdccda38456743e36e0e4318020286b63e89f925cc1f05,20260921-051654-verilog-skill\qwen3-coder_30b\counter.sv,verification/batches/20260922-161336/runs/20260921-051654-verilog-skill/qwen3-coder_30b/counter/compile.log,"[""verification/batches/20260922-161336/runs/20260921-051654-verilog-skill/qwen3-coder_30b/counter/sim_default.log""]",verification/batches/20260922-161336/runs/20260921-051654-verilog-skill/qwen3-coder_30b/counter/bps_final/bluepearl.log,[]
verilog,qwen3-coder_30b,Qwen3-Coder 30B,fifo,ELABORATION_FAIL,ELABORATION_FAIL,0,,ANALYSIS_ERROR,3,33,1,2,20260921-051654-verilog-skill,2026-09-22T16:22:31+0100,c542b600d537f3d5f76f9a216d56f7722e9099893abff9eee2f7e4804be038ef,20260921-051654-verilog-skill\qwen3-coder_30b\fifo.sv,verification/batches/20260922-161336/runs/20260921-051654-verilog-skill/qwen3-coder_30b/fifo/compile.log,"[""verification/batches/20260922-161336/runs/20260921-051654-verilog-skill/qwen3-coder_30b/fifo/sim_default.log"", ""verification/batches/20260922-161336/runs/20260921-051654-verilog-skill/qwen3-coder_30b/fifo/sim_width16_depth4.log""]",verification/batches/20260922-161336/runs/20260921-051654-verilog-skill/qwen3-coder_30b/fifo/bps_final/bluepearl.log,"[""Read/write addresses and wrap flags are assigned by both always_comb and always_ff blocks. The RAM write address includes the wrap bit, allowing indices outside the RAM depth."", ""# ** Error (suppressible): C:\\hdl_projects\\ai_on_prem\\20260921-051654-verilog-skill\\qwen3-coder_30b\\fifo.sv(61): (vopt-7033) Variable 'wr_addr' driven in a combinational block, may not be driven by any other process. See C:\\hdl_projects\\ai_on_prem\\20260921-051654-verilog-skill\\qwen3-coder_30b\\fifo.sv(41)."", ""# ** Error (suppressible): C:\\hdl_projects\\ai_on_prem\\20260921-051654-verilog-skill\\qwen3-coder_30b\\fifo.sv(62): (vopt-7033) Variable 'rd_addr' driven in a combinational block, may not be driven by any other process. See C:\\hdl_projects\\ai_on_prem\\20260921-051654-verilog-skill\\qwen3-coder_30b\\fifo.sv(42)."", ""# ** Error (suppressible): C:\\hdl_projects\\ai_on_prem\\20260921-051654-verilog-skill\\qwen3-coder_30b\\fifo.sv(63): (vopt-7033) Variable 'wr_wrap' driven in a combinational block, may not be driven by any other process. See C:\\hdl_projects\\ai_on_prem\\20260921-051654-verilog-skill\\qwen3-coder_30b\\fifo.sv(43)."", ""# ** Error (suppressible): C:\\hdl_projects\\ai_on_prem\\20260921-051654-verilog-skill\\qwen3-coder_30b\\fifo.sv(64): (vopt-7033) Variable 'rd_wrap' driven in a combinational block, may not be driven by any other process. See C:\\hdl_projects\\ai_on_prem\\20260921-051654-verilog-skill\\qwen3-coder_30b\\fifo.sv(44)."", ""# ** Error (suppressible): C:\\hdl_projects\\ai_on_prem\\20260921-051654-verilog-skill\\qwen3-coder_30b\\fifo.sv(66): (vopt-7033) Variable 'wr_addr' driven in a combinational block, may not be driven by any other process. See C:\\hdl_projects\\ai_on_prem\\20260921-051654-verilog-skill\\qwen3-coder_30b\\fifo.sv(41)."", ""# ** Error (suppressible): C:\\hdl_projects\\ai_on_prem\\20260921-051654-verilog-skill\\qwen3-coder_30b\\fifo.sv(67): (vopt-7033) Variable 'rd_addr' driven in a combinational block, may not be driven by any other process. See C:\\hdl_projects\\ai_on_prem\\20260921-051654-verilog-skill\\qwen3-coder_30b\\fifo.sv(42)."", ""# ** Error (suppressible): C:\\hdl_projects\\ai_on_prem\\20260921-051654-verilog-skill\\qwen3-coder_30b\\fifo.sv(68): (vopt-7033) Variable 'wr_wrap' driven in a combinational block, may not be driven by any other process. See C:\\hdl_projects\\ai_on_prem\\20260921-051654-verilog-skill\\qwen3-coder_30b\\fifo.sv(43)."", ""# ** Error (suppressible): C:\\hdl_projects\\ai_on_prem\\20260921-051654-verilog-skill\\qwen3-coder_30b\\fifo.sv(69): (vopt-7033) Variable 'rd_wrap' driven in a combinational block, may not be driven by any other process. See C:\\hdl_projects\\ai_on_prem\\20260921-051654-verilog-skill\\qwen3-coder_30b\\fifo.sv(44).""]"
verilog,qwen3-coder_30b,Qwen3-Coder 30B,uart_tx,FAIL,FAIL,28,8,COMPLETE,0,3,0,2,20260921-051654-verilog-skill,2026-09-22T16:22:33+0100,351f36972f0a6b85bb2ad4713cc6da4c2049e01b3f8d796281f5d95f7167ae56,20260921-051654-verilog-skill\qwen3-coder_30b\uart_tx.sv,verification/batches/20260922-161336/runs/20260921-051654-verilog-skill/qwen3-coder_30b/uart_tx/compile.log,"[""verification/batches/20260922-161336/runs/20260921-051654-verilog-skill/qwen3-coder_30b/uart_tx/sim_default.log"", ""verification/batches/20260922-161336/runs/20260921-051654-verilog-skill/qwen3-coder_30b/uart_tx/sim_divisor13.log""]",verification/batches/20260922-161336/runs/20260921-051654-verilog-skill/qwen3-coder_30b/uart_tx/bps_final/bluepearl.log,"[""start bit begins""]"
verilog,qwen3.5_4b,Qwen 3.5 4B,axi_lite,COMPILE_FAIL,COMPILE_FAIL,0,,ANALYSIS_ERROR,10,4,1,0,20260921-051654-verilog-skill,2026-09-22T16:22:42+0100,79b512d35b436e8613b71a1dc82eb97d7523b2d747badcc9784b5fcacd046cfc,20260921-051654-verilog-skill\qwen3.5_4b\axi_lite.sv,verification/batches/20260922-161336/runs/20260921-051654-verilog-skill/qwen3.5_4b/axi_lite/compile.log,[],verification/batches/20260922-161336/runs/20260921-051654-verilog-skill/qwen3.5_4b/axi_lite/bps_final/bluepearl.log,"[""Wrong port direction rvalid"", ""Wrong port direction rdata"", ""Wrong port direction bready"", ""Wrong port direction rready"", ""Missing requested/AXI port reg0"", ""Missing requested/AXI port reg1"", ""Missing requested/AXI port reg2"", ""Missing requested/AXI port reg3"", ""** Error: C:\\hdl_projects\\ai_on_prem\\20260921-051654-verilog-skill\\qwen3.5_4b\\axi_lite.sv(34): (vlog-13003) Enum member 'R_PENDING' has value that is outside the representable range of the enum."", ""** Error: C:\\hdl_projects\\ai_on_prem\\20260921-051654-verilog-skill\\qwen3.5_4b\\axi_lite.sv(156): (vlog-2110) Illegal reference to net \""bresp\""."", ""** Error: C:\\hdl_projects\\ai_on_prem\\20260921-051654-verilog-skill\\qwen3.5_4b\\axi_lite.sv(197): (vlog-2110) Illegal reference to net \""bresp\""."", ""** Error: C:\\hdl_projects\\ai_on_prem\\20260921-051654-verilog-skill\\qwen3.5_4b\\axi_lite.sv(264): (vlog-2110) Illegal reference to net \""bresp\""."", ""** Error: C:\\hdl_projects\\ai_on_prem\\20260921-051654-verilog-skill\\qwen3.5_4b\\axi_lite.sv(307): (vlog-2110) Illegal reference to net \""bresp\"".""]"
verilog,qwen3.5_4b,Qwen 3.5 4B,bugfix,ELABORATION_FAIL,ELABORATION_FAIL,0,,ANALYSIS_ERROR,3,2,1,0,20260921-051654-verilog-skill,2026-09-22T16:22:42+0100,70f5f4e627246a98aa8b028f36ffa19028a6f48261e6bc04773214e179d44e89,20260921-051654-verilog-skill\qwen3.5_4b\bugfix.sv,verification/batches/20260922-161336/runs/20260921-051654-verilog-skill/qwen3.5_4b/bugfix/compile.log,"[""verification/batches/20260922-161336/runs/20260921-051654-verilog-skill/qwen3.5_4b/bugfix/sim_default.log""]",verification/batches/20260922-161336/runs/20260921-051654-verilog-skill/qwen3.5_4b/bugfix/bps_final/bluepearl.log,"[""# ** Error (suppressible): C:\\hdl_projects\\ai_on_prem\\20260921-051654-verilog-skill\\qwen3.5_4b\\bugfix.sv(20): (vopt-7033) Variable 'q' driven in a combinational block, may not be driven by any other process. See C:\\hdl_projects\\ai_on_prem\\20260921-051654-verilog-skill\\qwen3.5_4b\\bugfix.sv(13)."", ""# ** Error (suppressible): C:\\hdl_projects\\ai_on_prem\\20260921-051654-verilog-skill\\qwen3.5_4b\\bugfix.sv(22): (vopt-7033) Variable 'q' driven in a combinational block, may not be driven by any other process. See C:\\hdl_projects\\ai_on_prem\\20260921-051654-verilog-skill\\qwen3.5_4b\\bugfix.sv(13)."", ""# ** Error: (vopt-2064) Compiler back-end code generation process terminated due to previous errors with code 12.""]"
verilog,qwen3.5_4b,Qwen 3.5 4B,cdc_sync,INTERFACE_FAIL,INTERFACE_FAIL,0,,ANALYSIS_ERROR,4,0,1,0,20260921-051654-verilog-skill,2026-09-22T16:22:48+0100,7b2c1f0cd22c6be16fed7ed3734ed2cc6850c6b7564fc30c418e30bff5d1d633,20260921-051654-verilog-skill\qwen3.5_4b\cdc_sync.sv,verification/batches/20260922-161336/runs/20260921-051654-verilog-skill/qwen3.5_4b/cdc_sync/compile.log,[],verification/batches/20260922-161336/runs/20260921-051654-verilog-skill/qwen3.5_4b/cdc_sync/bps_final/bluepearl.log,"[""Missing required generic/parameter STAGES"", ""Required ASYNC_REG attribute missing from code.""]"
verilog,qwen3.5_4b,Qwen 3.5 4B,counter,FAIL,FAIL,321,152,COMPLETE,0,2,0,2,20260921-051654-verilog-skill,2026-09-22T16:22:48+0100,83889a5410e188b3f651cf9a71f3ca1418c44f08913a75432c1c1093ba68f04f,20260921-051654-verilog-skill\qwen3.5_4b\counter.sv,verification/batches/20260922-161336/runs/20260921-051654-verilog-skill/qwen3.5_4b/counter/compile.log,"[""verification/batches/20260922-161336/runs/20260921-051654-verilog-skill/qwen3.5_4b/counter/sim_default.log""]",verification/batches/20260922-161336/runs/20260921-051654-verilog-skill/qwen3.5_4b/counter/bps_final/bluepearl.log,"[""Required active-high rst port missing (reset adapted for behavioral testing)"", ""reset clears counter"", ""increment/hold/wrap/reset priority"", ""synchronous reset/clocked output""]"
verilog,qwen3.5_4b,Qwen 3.5 4B,fifo,COMPILE_FAIL,COMPILE_FAIL,0,,ANALYSIS_ERROR,6,0,1,0,20260921-051654-verilog-skill,2026-09-22T16:22:51+0100,7d4a1aa0be25d9b2e4cfff4f8b818ffc7394cd6bc7b7662cb03e9cd16551947a,20260921-051654-verilog-skill\qwen3.5_4b\fifo.sv,verification/batches/20260922-161336/runs/20260921-051654-verilog-skill/qwen3.5_4b/fifo/compile.log,[],verification/batches/20260922-161336/runs/20260921-051654-verilog-skill/qwen3.5_4b/fifo/bps_final/bluepearl.log,"[""Missing required port rd_data"", ""Missing required generic/parameter WIDTH"", ""** Error: C:\\hdl_projects\\ai_on_prem\\20260921-051654-verilog-skill\\qwen3.5_4b\\fifo.sv(5): (vlog-2730) Undefined variable: 'WIDTH'."", ""** Error (suppressible): C:\\hdl_projects\\ai_on_prem\\20260921-051654-verilog-skill\\qwen3.5_4b\\fifo.sv(5): (vlog-2388) 'wr_data' already declared in this scope (sync_fifo) at C:\\hdl_projects\\ai_on_prem\\20260921-051654-verilog-skill\\qwen3.5_4b\\fifo.sv(5)."", ""** Error: C:\\hdl_projects\\ai_on_prem\\20260921-051654-verilog-skill\\qwen3.5_4b\\fifo.sv(5): (vlog-13294) Identifier must be declared with a port mode: wr_data.""]"
verilog,qwen3.5_4b,Qwen 3.5 4B,uart_tx,COMPILE_FAIL,COMPILE_FAIL,0,,ANALYSIS_ERROR,55,0,1,0,20260921-051654-verilog-skill,2026-09-22T16:22:52+0100,919b1a60ac302e3725bc6b136cfa898361d1ac0b249c1fe1eb6e82a8d2903bbf,20260921-051654-verilog-skill\qwen3.5_4b\uart_tx.sv,verification/batches/20260922-161336/runs/20260921-051654-verilog-skill/qwen3.5_4b/uart_tx/compile.log,[],verification/batches/20260922-161336/runs/20260921-051654-verilog-skill/qwen3.5_4b/uart_tx/bps_final/bluepearl.log,"[""Missing required generic/parameter CLK_HZ"", ""Missing required generic/parameter BAUD"", ""Required active-high rst port missing (reset adapted for behavioral testing)"", ""** Error: (vlog-13069) C:\\hdl_projects\\ai_on_prem\\20260921-051654-verilog-skill\\qwen3.5_4b\\uart_tx.sv(30): near \""logic\"": syntax error, unexpected \""SystemVerilog keyword 'logic'\"", expecting IDENTIFIER or TYPE_IDENTIFIER or NETTYPE_IDENTIFIER or '='."", ""** Error: C:\\hdl_projects\\ai_on_prem\\20260921-051654-verilog-skill\\qwen3.5_4b\\uart_tx.sv(38): (vlog-2730) Undefined variable: 'baud_counter'."", ""** Error: C:\\hdl_projects\\ai_on_prem\\20260921-051654-verilog-skill\\qwen3.5_4b\\uart_tx.sv(42): (vlog-2730) Undefined variable: 'state_reg'."", ""** Error: C:\\hdl_projects\\ai_on_prem\\20260921-051654-verilog-skill\\qwen3.5_4b\\uart_tx.sv(43): (vlog-2730) Undefined variable: 'data_valid_reg'."", ""** Error: C:\\hdl_projects\\ai_on_prem\\20260921-051654-verilog-skill\\qwen3.5_4b\\uart_tx.sv(44): (vlog-2730) Undefined variable: 'data_reg'."", ""** Error: C:\\hdl_projects\\ai_on_prem\\20260921-051654-verilog-skill\\qwen3.5_4b\\uart_tx.sv(45): (vlog-2730) Undefined variable: 'busy_reg'."", ""** Error: C:\\hdl_projects\\ai_on_prem\\20260921-051654-verilog-skill\\qwen3.5_4b\\uart_tx.sv(46): (vlog-2730) Undefined variable: 'tx_reg'."", ""** Error: C:\\hdl_projects\\ai_on_prem\\20260921-051654-verilog-skill\\qwen3.5_4b\\uart_tx.sv(138): (vlog-2730) Undefined variable: 'tx_reg'.""]"
verilog,qwen3.8_27b,Qwen3.8 27B,axi_lite,FAIL,FAIL,160,32,COMPLETE,0,6,0,6,20260921-051654-verilog-skill,2026-09-22T16:23:29+0100,0746590de5c360e2afc9fbd0a7e020d3af4ccbaf055a0a91954c8fec19f345c5,20260921-051654-verilog-skill\qwen3.8_27b\axi_lite.sv,verification/batches/20260922-161336/runs/20260921-051654-verilog-skill/qwen3.8_27b/axi_lite/compile.log,"[""verification/batches/20260922-161336/runs/20260921-051654-verilog-skill/qwen3.8_27b/axi_lite/sim_default.log""]",verification/batches/20260922-161336/runs/20260921-051654-verilog-skill/qwen3.8_27b/axi_lite/bps_final/bluepearl.log,"[""R data/valid stable while stalled""]"
verilog,qwen3.8_27b,Qwen3.8 27B,bugfix,PASS,PASS_TESTED,513,0,COMPLETE,0,0,0,0,20260921-051654-verilog-skill,2026-09-22T16:23:45+0100,14a6872a9ec0e0ed5e56e8a8e724be2613cbbbbd0621d4ce698673a94d17fc14,20260921-051654-verilog-skill\qwen3.8_27b\bugfix.sv,verification/batches/20260922-161336/runs/20260921-051654-verilog-skill/qwen3.8_27b/bugfix/compile.log,"[""verification/batches/20260922-161336/runs/20260921-051654-verilog-skill/qwen3.8_27b/bugfix/sim_default.log""]",verification/batches/20260922-161336/runs/20260921-051654-verilog-skill/qwen3.8_27b/bugfix/bps_final/bluepearl.log,[]
verilog,qwen3.8_27b,Qwen3.8 27B,cdc_sync,PASS,REQUEST_MISMATCH,800,0,COMPLETE,0,0,0,0,20260921-051654-verilog-skill,2026-09-22T16:23:48+0100,482b53d8442f5c2b7c7b4831abd39e64e79cb5b1c269d82b8abb668d364f5ef9,20260921-051654-verilog-skill\qwen3.8_27b\cdc_sync.sv,verification/batches/20260922-161336/runs/20260921-051654-verilog-skill/qwen3.8_27b/cdc_sync/compile.log,"[""verification/batches/20260922-161336/runs/20260921-051654-verilog-skill/qwen3.8_27b/cdc_sync/sim_default.log"", ""verification/batches/20260922-161336/runs/20260921-051654-verilog-skill/qwen3.8_27b/cdc_sync/sim_stages3.log""]",verification/batches/20260922-161336/runs/20260921-051654-verilog-skill/qwen3.8_27b/cdc_sync/bps_final/bluepearl.log,"[""Required ASYNC_REG attribute missing from code.""]"
verilog,qwen3.8_27b,Qwen3.8 27B,counter,PASS,PASS_TESTED,321,0,COMPLETE,0,0,0,0,20260921-051654-verilog-skill,2026-09-22T16:23:52+0100,2487927fa0b557303b26f611c2f740cc277678cad06f531235e5ba2f7d78feaf,20260921-051654-verilog-skill\qwen3.8_27b\counter.sv,verification/batches/20260922-161336/runs/20260921-051654-verilog-skill/qwen3.8_27b/counter/compile.log,"[""verification/batches/20260922-161336/runs/20260921-051654-verilog-skill/qwen3.8_27b/counter/sim_default.log""]",verification/batches/20260922-161336/runs/20260921-051654-verilog-skill/qwen3.8_27b/counter/bps_final/bluepearl.log,[]
verilog,qwen3.8_27b,Qwen3.8 27B,fifo,FAIL,FAIL,6836,1028,COMPLETE,0,0,0,0,20260921-051654-verilog-skill,2026-09-22T16:23:59+0100,4b73960dd81b8e10a8aa368ea39f688b3d7baa64ef04342076bd0e50375b4280,20260921-051654-verilog-skill\qwen3.8_27b\fifo.sv,verification/batches/20260922-161336/runs/20260921-051654-verilog-skill/qwen3.8_27b/fifo/compile.log,"[""verification/batches/20260922-161336/runs/20260921-051654-verilog-skill/qwen3.8_27b/fifo/sim_default.log"", ""verification/batches/20260922-161336/runs/20260921-051654-verilog-skill/qwen3.8_27b/fifo/sim_width16_depth4.log""]",verification/batches/20260922-161336/runs/20260921-051654-verilog-skill/qwen3.8_27b/fifo/bps_final/bluepearl.log,"[""Read data is a combinational RAM lookup, rather than a clocked RAM read. This does not implement the requested synchronous block-RAM read structure."", ""FIFO ordering / synchronous read""]"
verilog,qwen3.8_27b,Qwen3.8 27B,uart_tx,FAIL,FAIL,1628,672,COMPLETE,0,1,0,1,20260921-051654-verilog-skill,2026-09-22T16:24:04+0100,4ede34f0bf35673371c19ac7df47fdcdcd1ee3c87def017b6441d7d6bb6a006c,20260921-051654-verilog-skill\qwen3.8_27b\uart_tx.sv,verification/batches/20260922-161336/runs/20260921-051654-verilog-skill/qwen3.8_27b/uart_tx/compile.log,"[""verification/batches/20260922-161336/runs/20260921-051654-verilog-skill/qwen3.8_27b/uart_tx/sim_default.log"", ""verification/batches/20260922-161336/runs/20260921-051654-verilog-skill/qwen3.8_27b/uart_tx/sim_divisor13.log""]",verification/batches/20260922-161336/runs/20260921-051654-verilog-skill/qwen3.8_27b/uart_tx/bps_final/bluepearl.log,"[""8N1 bit=1 cycle=0 payload=55"", ""8N1 bit=1 cycle=1 payload=55"", ""8N1 bit=1 cycle=2 payload=55"", ""8N1 bit=1 cycle=3 payload=55"", ""8N1 bit=1 cycle=4 payload=55"", ""8N1 bit=1 cycle=5 payload=55"", ""8N1 bit=1 cycle=6 payload=55"", ""8N1 bit=1 cycle=7 payload=55"", ""8N1 bit=2 cycle=0 payload=55"", ""8N1 bit=2 cycle=1 payload=55"", ""8N1 bit=2 cycle=2 payload=55"", ""8N1 bit=2 cycle=3 payload=55"", ""8N1 bit=2 cycle=4 payload=55"", ""8N1 bit=2 cycle=5 payload=55"", ""8N1 bit=2 cycle=6 payload=55"", ""8N1 bit=2 cycle=7 payload=55"", ""8N1 bit=3 cycle=0 payload=55"", ""8N1 bit=3 cycle=1 payload=55"", ""8N1 bit=3 cycle=2 payload=55"", ""8N1 bit=3 cycle=3 payload=55"", ""8N1 bit=3 cycle=4 payload=55"", ""8N1 bit=3 cycle=5 payload=55"", ""8N1 bit=3 cycle=6 payload=55"", ""8N1 bit=3 cycle=7 payload=55"", ""8N1 bit=4 cycle=0 payload=55"", ""8N1 bit=4 cycle=1 payload=55"", ""8N1 bit=4 cycle=2 payload=55"", ""8N1 bit=4 cycle=3 payload=55"", ""8N1 bit=4 cycle=4 payload=55"", ""8N1 bit=4 cycle=5 payload=55"", ""8N1 bit=4 cycle=6 payload=55"", ""8N1 bit=4 cycle=7 payload=55"", ""8N1 bit=5 cycle=0 payload=55"", ""8N1 bit=5 cycle=1 payload=55"", ""8N1 bit=5 cycle=2 payload=55"", ""8N1 bit=5 cycle=3 payload=55"", ""8N1 bit=5 cycle=4 payload=55"", ""8N1 bit=5 cycle=5 payload=55"", ""8N1 bit=5 cycle=6 payload=55"", ""8N1 bit=5 cycle=7 payload=55"", ""8N1 bit=6 cycle=0 payload=55"", ""8N1 bit=6 cycle=1 payload=55"", ""8N1 bit=6 cycle=2 payload=55"", ""8N1 bit=6 cycle=3 payload=55"", ""8N1 bit=6 cycle=4 payload=55"", ""8N1 bit=6 cycle=5 payload=55"", ""8N1 bit=6 cycle=6 payload=55"", ""8N1 bit=6 cycle=7 payload=55"", ""8N1 bit=7 cycle=0 payload=55"", ""8N1 bit=7 cycle=1 payload=55"", ""8N1 bit=7 cycle=2 payload=55"", ""8N1 bit=7 cycle=3 payload=55"", ""8N1 bit=7 cycle=4 payload=55"", ""8N1 bit=7 cycle=5 payload=55"", ""8N1 bit=7 cycle=6 payload=55"", ""8N1 bit=7 cycle=7 payload=55"", ""8N1 bit=8 cycle=0 payload=55"", ""8N1 bit=8 cycle=1 payload=55"", ""8N1 bit=8 cycle=2 payload=55"", ""8N1 bit=8 cycle=3 payload=55"", ""8N1 bit=8 cycle=4 payload=55"", ""8N1 bit=8 cycle=5 payload=55"", ""8N1 bit=8 cycle=6 payload=55"", ""8N1 bit=8 cycle=7 payload=55"", ""8N1 bit=1 cycle=0 payload=a6"", ""8N1 bit=1 cycle=1 payload=a6"", ""8N1 bit=1 cycle=2 payload=a6"", ""8N1 bit=1 cycle=3 payload=a6"", ""8N1 bit=1 cycle=4 payload=a6"", ""8N1 bit=1 cycle=5 payload=a6"", ""8N1 bit=1 cycle=6 payload=a6"", ""8N1 bit=1 cycle=7 payload=a6"", ""8N1 bit=2 cycle=0 payload=a6"", ""8N1 bit=2 cycle=1 payload=a6"", ""8N1 bit=2 cycle=2 payload=a6"", ""8N1 bit=2 cycle=3 payload=a6"", ""8N1 bit=2 cycle=4 payload=a6"", ""8N1 bit=2 cycle=5 payload=a6"", ""8N1 bit=2 cycle=6 payload=a6"", ""8N1 bit=2 cycle=7 payload=a6"", ""8N1 bit=3 cycle=0 payload=a6"", ""8N1 bit=3 cycle=1 payload=a6"", ""8N1 bit=3 cycle=2 payload=a6"", ""8N1 bit=3 cycle=3 payload=a6"", ""8N1 bit=3 cycle=4 payload=a6"", ""8N1 bit=3 cycle=5 payload=a6"", ""8N1 bit=3 cycle=6 payload=a6"", ""8N1 bit=3 cycle=7 payload=a6"", ""8N1 bit=4 cycle=0 payload=a6"", ""8N1 bit=4 cycle=1 payload=a6"", ""8N1 bit=4 cycle=2 payload=a6"", ""8N1 bit=4 cycle=3 payload=a6"", ""8N1 bit=4 cycle=4 payload=a6"", ""8N1 bit=4 cycle=5 payload=a6"", ""8N1 bit=4 cycle=6 payload=a6"", ""8N1 bit=4 cycle=7 payload=a6"", ""8N1 bit=5 cycle=0 payload=a6"", ""8N1 bit=5 cycle=1 payload=a6"", ""8N1 bit=5 cycle=2 payload=a6"", ""8N1 bit=5 cycle=3 payload=a6"", ""8N1 bit=5 cycle=4 payload=a6"", ""8N1 bit=5 cycle=5 payload=a6"", ""8N1 bit=5 cycle=6 payload=a6"", ""8N1 bit=5 cycle=7 payload=a6"", ""8N1 bit=6 cycle=0 payload=a6"", ""8N1 bit=6 cycle=1 payload=a6"", ""8N1 bit=6 cycle=2 payload=a6"", ""8N1 bit=6 cycle=3 payload=a6"", ""8N1 bit=6 cycle=4 payload=a6"", ""8N1 bit=6 cycle=5 payload=a6"", ""8N1 bit=6 cycle=6 payload=a6"", ""8N1 bit=6 cycle=7 payload=a6"", ""8N1 bit=7 cycle=0 payload=a6"", ""8N1 bit=7 cycle=1 payload=a6"", ""8N1 bit=7 cycle=2 payload=a6"", ""8N1 bit=7 cycle=3 payload=a6"", ""8N1 bit=7 cycle=4 payload=a6"", ""8N1 bit=7 cycle=5 payload=a6"", ""8N1 bit=7 cycle=6 payload=a6"", ""8N1 bit=7 cycle=7 payload=a6"", ""8N1 bit=8 cycle=0 payload=a6"", ""8N1 bit=8 cycle=1 payload=a6"", ""8N1 bit=8 cycle=2 payload=a6"", ""8N1 bit=8 cycle=3 payload=a6"", ""8N1 bit=8 cycle=4 payload=a6"", ""8N1 bit=8 cycle=5 payload=a6"", ""8N1 bit=8 cycle=6 payload=a6"", ""8N1 bit=8 cycle=7 payload=a6"", ""8N1 bit=1 cycle=0 payload=00"", ""8N1 bit=1 cycle=1 payload=00"", ""8N1 bit=1 cycle=2 payload=00"", ""8N1 bit=1 cycle=3 payload=00"", ""8N1 bit=1 cycle=4 payload=00"", ""8N1 bit=1 cycle=5 payload=00"", ""8N1 bit=1 cycle=6 payload=00"", ""8N1 bit=1 cycle=7 payload=00"", ""8N1 bit=2 cycle=0 payload=00"", ""8N1 bit=2 cycle=1 payload=00"", ""8N1 bit=2 cycle=2 payload=00"", ""8N1 bit=2 cycle=3 payload=00"", ""8N1 bit=2 cycle=4 payload=00"", ""8N1 bit=2 cycle=5 payload=00"", ""8N1 bit=2 cycle=6 payload=00"", ""8N1 bit=2 cycle=7 payload=00"", ""8N1 bit=3 cycle=0 payload=00"", ""8N1 bit=3 cycle=1 payload=00"", ""8N1 bit=3 cycle=2 payload=00"", ""8N1 bit=3 cycle=3 payload=00"", ""8N1 bit=3 cycle=4 payload=00"", ""8N1 bit=3 cycle=5 payload=00"", ""8N1 bit=3 cycle=6 payload=00"", ""8N1 bit=3 cycle=7 payload=00"", ""8N1 bit=4 cycle=0 payload=00"", ""8N1 bit=4 cycle=1 payload=00"", ""8N1 bit=4 cycle=2 payload=00"", ""8N1 bit=4 cycle=3 payload=00"", ""8N1 bit=4 cycle=4 payload=00"", ""8N1 bit=4 cycle=5 payload=00"", ""8N1 bit=4 cycle=6 payload=00"", ""8N1 bit=4 cycle=7 payload=00"", ""8N1 bit=5 cycle=0 payload=00"", ""8N1 bit=5 cycle=1 payload=00"", ""8N1 bit=5 cycle=2 payload=00"", ""8N1 bit=5 cycle=3 payload=00"", ""8N1 bit=5 cycle=4 payload=00"", ""8N1 bit=5 cycle=5 payload=00"", ""8N1 bit=5 cycle=6 payload=00"", ""8N1 bit=5 cycle=7 payload=00"", ""8N1 bit=6 cycle=0 payload=00"", ""8N1 bit=6 cycle=1 payload=00"", ""8N1 bit=6 cycle=2 payload=00"", ""8N1 bit=6 cycle=3 payload=00"", ""8N1 bit=6 cycle=4 payload=00"", ""8N1 bit=6 cycle=5 payload=00"", ""8N1 bit=6 cycle=6 payload=00"", ""8N1 bit=6 cycle=7 payload=00"", ""8N1 bit=7 cycle=0 payload=00"", ""8N1 bit=7 cycle=1 payload=00"", ""8N1 bit=7 cycle=2 payload=00"", ""8N1 bit=7 cycle=3 payload=00"", ""8N1 bit=7 cycle=4 payload=00"", ""8N1 bit=7 cycle=5 payload=00"", ""8N1 bit=7 cycle=6 payload=00"", ""8N1 bit=7 cycle=7 payload=00"", ""8N1 bit=8 cycle=0 payload=00"", ""8N1 bit=8 cycle=1 payload=00"", ""8N1 bit=8 cycle=2 payload=00"", ""8N1 bit=8 cycle=3 payload=00"", ""8N1 bit=8 cycle=4 payload=00"", ""8N1 bit=8 cycle=5 payload=00"", ""8N1 bit=8 cycle=6 payload=00"", ""8N1 bit=8 cycle=7 payload=00"", ""8N1 bit=1 cycle=0 payload=ff"", ""8N1 bit=1 cycle=1 payload=ff"", ""8N1 bit=1 cycle=2 payload=ff"", ""8N1 bit=1 cycle=3 payload=ff"", ""8N1 bit=1 cycle=4 payload=ff"", ""8N1 bit=1 cycle=5 payload=ff"", ""8N1 bit=1 cycle=6 payload=ff"", ""8N1 bit=1 cycle=7 payload=ff"", ""8N1 bit=2 cycle=0 payload=ff"", ""8N1 bit=2 cycle=1 payload=ff"", ""8N1 bit=2 cycle=2 payload=ff"", ""8N1 bit=2 cycle=3 payload=ff"", ""8N1 bit=2 cycle=4 payload=ff"", ""8N1 bit=2 cycle=5 payload=ff"", ""8N1 bit=2 cycle=6 payload=ff"", ""8N1 bit=2 cycle=7 payload=ff"", ""8N1 bit=3 cycle=0 payload=ff"", ""8N1 bit=3 cycle=1 payload=ff"", ""8N1 bit=3 cycle=2 payload=ff"", ""8N1 bit=3 cycle=3 payload=ff"", ""8N1 bit=3 cycle=4 payload=ff"", ""8N1 bit=3 cycle=5 payload=ff"", ""8N1 bit=3 cycle=6 payload=ff"", ""8N1 bit=3 cycle=7 payload=ff"", ""8N1 bit=4 cycle=0 payload=ff"", ""8N1 bit=4 cycle=1 payload=ff"", ""8N1 bit=4 cycle=2 payload=ff"", ""8N1 bit=4 cycle=3 payload=ff"", ""8N1 bit=4 cycle=4 payload=ff"", ""8N1 bit=4 cycle=5 payload=ff"", ""8N1 bit=4 cycle=6 payload=ff"", ""8N1 bit=4 cycle=7 payload=ff"", ""8N1 bit=5 cycle=0 payload=ff"", ""8N1 bit=5 cycle=1 payload=ff"", ""8N1 bit=5 cycle=2 payload=ff"", ""8N1 bit=5 cycle=3 payload=ff"", ""8N1 bit=5 cycle=4 payload=ff"", ""8N1 bit=5 cycle=5 payload=ff"", ""8N1 bit=5 cycle=6 payload=ff"", ""8N1 bit=5 cycle=7 payload=ff"", ""8N1 bit=6 cycle=0 payload=ff"", ""8N1 bit=6 cycle=1 payload=ff"", ""8N1 bit=6 cycle=2 payload=ff"", ""8N1 bit=6 cycle=3 payload=ff"", ""8N1 bit=6 cycle=4 payload=ff"", ""8N1 bit=6 cycle=5 payload=ff"", ""8N1 bit=6 cycle=6 payload=ff"", ""8N1 bit=6 cycle=7 payload=ff"", ""8N1 bit=7 cycle=0 payload=ff"", ""8N1 bit=7 cycle=1 payload=ff"", ""8N1 bit=7 cycle=2 payload=ff"", ""8N1 bit=7 cycle=3 payload=ff"", ""8N1 bit=7 cycle=4 payload=ff"", ""8N1 bit=7 cycle=5 payload=ff"", ""8N1 bit=7 cycle=6 payload=ff"", ""8N1 bit=7 cycle=7 payload=ff"", ""8N1 bit=8 cycle=0 payload=ff"", ""8N1 bit=8 cycle=1 payload=ff"", ""8N1 bit=8 cycle=2 payload=ff"", ""8N1 bit=8 cycle=3 payload=ff"", ""8N1 bit=8 cycle=4 payload=ff"", ""8N1 bit=8 cycle=5 payload=ff"", ""8N1 bit=8 cycle=6 payload=ff"", ""8N1 bit=8 cycle=7 payload=ff"", ""8N1 bit=1 cycle=8 payload=55"", ""8N1 bit=1 cycle=9 payload=55"", ""8N1 bit=1 cycle=10 payload=55"", ""8N1 bit=1 cycle=11 payload=55"", ""8N1 bit=1 cycle=12 payload=55"", ""8N1 bit=2 cycle=8 payload=55"", ""8N1 bit=2 cycle=9 payload=55"", ""8N1 bit=2 cycle=10 payload=55"", ""8N1 bit=2 cycle=11 payload=55"", ""8N1 bit=2 cycle=12 payload=55"", ""8N1 bit=3 cycle=8 payload=55"", ""8N1 bit=3 cycle=9 payload=55"", ""8N1 bit=3 cycle=10 payload=55"", ""8N1 bit=3 cycle=11 payload=55"", ""8N1 bit=3 cycle=12 payload=55"", ""8N1 bit=4 cycle=8 payload=55"", ""8N1 bit=4 cycle=9 payload=55"", ""8N1 bit=4 cycle=10 payload=55"", ""8N1 bit=4 cycle=11 payload=55"", ""8N1 bit=4 cycle=12 payload=55"", ""8N1 bit=5 cycle=8 payload=55"", ""8N1 bit=5 cycle=9 payload=55"", ""8N1 bit=5 cycle=10 payload=55"", ""8N1 bit=5 cycle=11 payload=55"", ""8N1 bit=5 cycle=12 payload=55"", ""8N1 bit=6 cycle=8 payload=55"", ""8N1 bit=6 cycle=9 payload=55"", ""8N1 bit=6 cycle=10 payload=55"", ""8N1 bit=6 cycle=11 payload=55"", ""8N1 bit=6 cycle=12 payload=55"", ""8N1 bit=7 cycle=8 payload=55"", ""8N1 bit=7 cycle=9 payload=55"", ""8N1 bit=7 cycle=10 payload=55"", ""8N1 bit=7 cycle=11 payload=55"", ""8N1 bit=7 cycle=12 payload=55"", ""8N1 bit=8 cycle=8 payload=55"", ""8N1 bit=8 cycle=9 payload=55"", ""8N1 bit=8 cycle=10 payload=55"", ""8N1 bit=8 cycle=11 payload=55"", ""8N1 bit=8 cycle=12 payload=55"", ""8N1 bit=1 cycle=8 payload=a6"", ""8N1 bit=1 cycle=9 payload=a6"", ""8N1 bit=1 cycle=10 payload=a6"", ""8N1 bit=1 cycle=11 payload=a6"", ""8N1 bit=1 cycle=12 payload=a6"", ""8N1 bit=2 cycle=8 payload=a6"", ""8N1 bit=2 cycle=9 payload=a6"", ""8N1 bit=2 cycle=10 payload=a6"", ""8N1 bit=2 cycle=11 payload=a6"", ""8N1 bit=2 cycle=12 payload=a6"", ""8N1 bit=3 cycle=8 payload=a6"", ""8N1 bit=3 cycle=9 payload=a6"", ""8N1 bit=3 cycle=10 payload=a6"", ""8N1 bit=3 cycle=11 payload=a6"", ""8N1 bit=3 cycle=12 payload=a6"", ""8N1 bit=4 cycle=8 payload=a6"", ""8N1 bit=4 cycle=9 payload=a6"", ""8N1 bit=4 cycle=10 payload=a6"", ""8N1 bit=4 cycle=11 payload=a6"", ""8N1 bit=4 cycle=12 payload=a6"", ""8N1 bit=5 cycle=8 payload=a6"", ""8N1 bit=5 cycle=9 payload=a6"", ""8N1 bit=5 cycle=10 payload=a6"", ""8N1 bit=5 cycle=11 payload=a6"", ""8N1 bit=5 cycle=12 payload=a6"", ""8N1 bit=6 cycle=8 payload=a6"", ""8N1 bit=6 cycle=9 payload=a6"", ""8N1 bit=6 cycle=10 payload=a6"", ""8N1 bit=6 cycle=11 payload=a6"", ""8N1 bit=6 cycle=12 payload=a6"", ""8N1 bit=7 cycle=8 payload=a6"", ""8N1 bit=7 cycle=9 payload=a6"", ""8N1 bit=7 cycle=10 payload=a6"", ""8N1 bit=7 cycle=11 payload=a6"", ""8N1 bit=7 cycle=12 payload=a6"", ""8N1 bit=8 cycle=8 payload=a6"", ""8N1 bit=8 cycle=9 payload=a6"", ""8N1 bit=8 cycle=10 payload=a6"", ""8N1 bit=8 cycle=11 payload=a6"", ""8N1 bit=8 cycle=12 payload=a6"", ""8N1 bit=1 cycle=8 payload=00"", ""8N1 bit=1 cycle=9 payload=00"", ""8N1 bit=1 cycle=10 payload=00"", ""8N1 bit=1 cycle=11 payload=00"", ""8N1 bit=1 cycle=12 payload=00"", ""8N1 bit=2 cycle=8 payload=00"", ""8N1 bit=2 cycle=9 payload=00"", ""8N1 bit=2 cycle=10 payload=00"", ""8N1 bit=2 cycle=11 payload=00"", ""8N1 bit=2 cycle=12 payload=00"", ""8N1 bit=3 cycle=8 payload=00"", ""8N1 bit=3 cycle=9 payload=00"", ""8N1 bit=3 cycle=10 payload=00"", ""8N1 bit=3 cycle=11 payload=00"", ""8N1 bit=3 cycle=12 payload=00"", ""8N1 bit=4 cycle=8 payload=00"", ""8N1 bit=4 cycle=9 payload=00"", ""8N1 bit=4 cycle=10 payload=00"", ""8N1 bit=4 cycle=11 payload=00"", ""8N1 bit=4 cycle=12 payload=00"", ""8N1 bit=5 cycle=8 payload=00"", ""8N1 bit=5 cycle=9 payload=00"", ""8N1 bit=5 cycle=10 payload=00"", ""8N1 bit=5 cycle=11 payload=00"", ""8N1 bit=5 cycle=12 payload=00"", ""8N1 bit=6 cycle=8 payload=00"", ""8N1 bit=6 cycle=9 payload=00"", ""8N1 bit=6 cycle=10 payload=00"", ""8N1 bit=6 cycle=11 payload=00"", ""8N1 bit=6 cycle=12 payload=00"", ""8N1 bit=7 cycle=8 payload=00"", ""8N1 bit=7 cycle=9 payload=00"", ""8N1 bit=7 cycle=10 payload=00"", ""8N1 bit=7 cycle=11 payload=00"", ""8N1 bit=7 cycle=12 payload=00"", ""8N1 bit=8 cycle=8 payload=00"", ""8N1 bit=8 cycle=9 payload=00"", ""8N1 bit=8 cycle=10 payload=00"", ""8N1 bit=8 cycle=11 payload=00"", ""8N1 bit=8 cycle=12 payload=00"", ""8N1 bit=1 cycle=8 payload=ff"", ""8N1 bit=1 cycle=9 payload=ff"", ""8N1 bit=1 cycle=10 payload=ff"", ""8N1 bit=1 cycle=11 payload=ff"", ""8N1 bit=1 cycle=12 payload=ff"", ""8N1 bit=2 cycle=8 payload=ff"", ""8N1 bit=2 cycle=9 payload=ff"", ""8N1 bit=2 cycle=10 payload=ff"", ""8N1 bit=2 cycle=11 payload=ff"", ""8N1 bit=2 cycle=12 payload=ff"", ""8N1 bit=3 cycle=8 payload=ff"", ""8N1 bit=3 cycle=9 payload=ff"", ""8N1 bit=3 cycle=10 payload=ff"", ""8N1 bit=3 cycle=11 payload=ff"", ""8N1 bit=3 cycle=12 payload=ff"", ""8N1 bit=4 cycle=8 payload=ff"", ""8N1 bit=4 cycle=9 payload=ff"", ""8N1 bit=4 cycle=10 payload=ff"", ""8N1 bit=4 cycle=11 payload=ff"", ""8N1 bit=4 cycle=12 payload=ff"", ""8N1 bit=5 cycle=8 payload=ff"", ""8N1 bit=5 cycle=9 payload=ff"", ""8N1 bit=5 cycle=10 payload=ff"", ""8N1 bit=5 cycle=11 payload=ff"", ""8N1 bit=5 cycle=12 payload=ff"", ""8N1 bit=6 cycle=8 payload=ff"", ""8N1 bit=6 cycle=9 payload=ff"", ""8N1 bit=6 cycle=10 payload=ff"", ""8N1 bit=6 cycle=11 payload=ff"", ""8N1 bit=6 cycle=12 payload=ff"", ""8N1 bit=7 cycle=8 payload=ff"", ""8N1 bit=7 cycle=9 payload=ff"", ""8N1 bit=7 cycle=10 payload=ff"", ""8N1 bit=7 cycle=11 payload=ff"", ""8N1 bit=7 cycle=12 payload=ff"", ""8N1 bit=8 cycle=8 payload=ff"", ""8N1 bit=8 cycle=9 payload=ff"", ""8N1 bit=8 cycle=10 payload=ff"", ""8N1 bit=8 cycle=11 payload=ff"", ""8N1 bit=8 cycle=12 payload=ff""]"
vhdl,qwen3.8-flash-next,Qwen3.8-Flash-Next,axi_lite,FAIL,FAIL,160,8,COMPLETE,0,19,0,14,20260921-062307-vhdl-skill,2026-09-22T16:24:10+0100,1bb2c2a090d432ea3cf8a5d11c23b9c25b93de437103f87c5a152f301b5288df,20260921-062307-vhdl-skill\qwen3.8-flash-next\axi_lite.vhd,verification/batches/20260922-161336/runs/20260921-062307-vhdl-skill/qwen3.8-flash-next/axi_lite/compile.log,"[""verification/batches/20260922-161336/runs/20260921-062307-vhdl-skill/qwen3.8-flash-next/axi_lite/sim_default.log""]",verification/batches/20260922-161336/runs/20260921-062307-vhdl-skill/qwen3.8-flash-next/axi_lite/bps_final/bluepearl.log,"[""readback register 0 expected 12345678 actual 00000000"", ""exposed register 1"", ""exposed register 2"", ""readback register 2 expected 87654321 actual 3016745a""]"
vhdl,qwen3.8-flash-next,Qwen3.8-Flash-Next,bugfix,PASS,PASS_TESTED,513,0,COMPLETE,0,0,0,0,20260921-062307-vhdl-skill,2026-09-22T16:24:26+0100,d0a20cd2edfc595cdd8c4b83875757fcb77899999d530f45861375ec330959b1,20260921-062307-vhdl-skill\qwen3.8-flash-next\bugfix.vhd,verification/batches/20260922-161336/runs/20260921-062307-vhdl-skill/qwen3.8-flash-next/bugfix/compile.log,"[""verification/batches/20260922-161336/runs/20260921-062307-vhdl-skill/qwen3.8-flash-next/bugfix/sim_default.log""]",verification/batches/20260922-161336/runs/20260921-062307-vhdl-skill/qwen3.8-flash-next/bugfix/bps_final/bluepearl.log,[]
vhdl,qwen3.8-flash-next,Qwen3.8-Flash-Next,cdc_sync,PASS,PASS_TESTED,800,0,COMPLETE,0,0,0,0,20260921-062307-vhdl-skill,2026-09-22T16:24:30+0100,64a37bb0ceb7002697067d772ae3169530ce3c761783cfce9d43ffe3590e2954,20260921-062307-vhdl-skill\qwen3.8-flash-next\cdc_sync.vhd,verification/batches/20260922-161336/runs/20260921-062307-vhdl-skill/qwen3.8-flash-next/cdc_sync/compile.log,"[""verification/batches/20260922-161336/runs/20260921-062307-vhdl-skill/qwen3.8-flash-next/cdc_sync/sim_default.log"", ""verification/batches/20260922-161336/runs/20260921-062307-vhdl-skill/qwen3.8-flash-next/cdc_sync/sim_stages3.log""]",verification/batches/20260922-161336/runs/20260921-062307-vhdl-skill/qwen3.8-flash-next/cdc_sync/bps_final/bluepearl.log,[]
vhdl,qwen3.8-flash-next,Qwen3.8-Flash-Next,counter,PASS,REQUEST_MISMATCH,321,0,COMPLETE,0,0,0,0,20260921-062307-vhdl-skill,2026-09-22T16:24:36+0100,d132b50019171752d2d365dee05eb4b566e03deefb726fc831b3417987dbb076,20260921-062307-vhdl-skill\qwen3.8-flash-next\counter.vhd,verification/batches/20260922-161336/runs/20260921-062307-vhdl-skill/qwen3.8-flash-next/counter/compile.log,"[""verification/batches/20260922-161336/runs/20260921-062307-vhdl-skill/qwen3.8-flash-next/counter/sim_default.log""]",verification/batches/20260922-161336/runs/20260921-062307-vhdl-skill/qwen3.8-flash-next/counter/bps_final/bluepearl.log,"[""count output is not declared unsigned; JSON requests unsigned output""]"
vhdl,qwen3.8-flash-next,Qwen3.8-Flash-Next,fifo,COMPILE_FAIL,COMPILE_FAIL,0,,ANALYSIS_ERROR,7,0,1,0,20260921-062307-vhdl-skill,2026-09-22T16:24:41+0100,7f1e3bb49fb5c6b78d46656d3dbf8a1e81fc00424f3c822e9eba75187ce7faba,20260921-062307-vhdl-skill\qwen3.8-flash-next\fifo.vhd,verification/batches/20260922-161336/runs/20260921-062307-vhdl-skill/qwen3.8-flash-next/fifo/compile.log,[],verification/batches/20260922-161336/runs/20260921-062307-vhdl-skill/qwen3.8-flash-next/fifo/bps_final/bluepearl.log,"[""** Error: C:\\hdl_projects\\ai_on_prem\\20260921-062307-vhdl-skill\\qwen3.8-flash-next\\fifo.vhd(116): Type error resolving infix expression \""=\"" as type ieee.std_logic_1164.STD_ULOGIC."", ""** Error: C:\\hdl_projects\\ai_on_prem\\20260921-062307-vhdl-skill\\qwen3.8-flash-next\\fifo.vhd(118): Type error resolving infix expression \""and\"" as type ieee.std_logic_1164.STD_ULOGIC.""]"
vhdl,qwen3.8-flash-next,Qwen3.8-Flash-Next,uart_tx,FAIL,FAIL,1628,336,COMPLETE,0,8,0,8,20260921-062307-vhdl-skill,2026-09-22T16:24:41+0100,916e21c5a9a3a2eaf6ef53f7eb897f563280670acb962921f4573fcbe28dac81,20260921-062307-vhdl-skill\qwen3.8-flash-next\uart_tx.vhd,verification/batches/20260922-161336/runs/20260921-062307-vhdl-skill/qwen3.8-flash-next/uart_tx/compile.log,"[""verification/batches/20260922-161336/runs/20260921-062307-vhdl-skill/qwen3.8-flash-next/uart_tx/sim_default.log"", ""verification/batches/20260922-161336/runs/20260921-062307-vhdl-skill/qwen3.8-flash-next/uart_tx/sim_divisor13.log""]",verification/batches/20260922-161336/runs/20260921-062307-vhdl-skill/qwen3.8-flash-next/uart_tx/bps_final/bluepearl.log,"[""8N1 bit=1 cycle=0 payload=55"", ""8N1 bit=2 cycle=0 payload=55"", ""8N1 bit=2 cycle=1 payload=55"", ""8N1 bit=2 cycle=2 payload=55"", ""8N1 bit=2 cycle=3 payload=55"", ""8N1 bit=2 cycle=4 payload=55"", ""8N1 bit=2 cycle=5 payload=55"", ""8N1 bit=2 cycle=6 payload=55"", ""8N1 bit=2 cycle=7 payload=55"", ""8N1 bit=4 cycle=0 payload=55"", ""8N1 bit=4 cycle=1 payload=55"", ""8N1 bit=4 cycle=2 payload=55"", ""8N1 bit=4 cycle=3 payload=55"", ""8N1 bit=4 cycle=4 payload=55"", ""8N1 bit=4 cycle=5 payload=55"", ""8N1 bit=4 cycle=6 payload=55"", ""8N1 bit=4 cycle=7 payload=55"", ""8N1 bit=6 cycle=0 payload=55"", ""8N1 bit=6 cycle=1 payload=55"", ""8N1 bit=6 cycle=2 payload=55"", ""8N1 bit=6 cycle=3 payload=55"", ""8N1 bit=6 cycle=4 payload=55"", ""8N1 bit=6 cycle=5 payload=55"", ""8N1 bit=6 cycle=6 payload=55"", ""8N1 bit=6 cycle=7 payload=55"", ""8N1 bit=8 cycle=0 payload=55"", ""8N1 bit=8 cycle=1 payload=55"", ""8N1 bit=8 cycle=2 payload=55"", ""8N1 bit=8 cycle=3 payload=55"", ""8N1 bit=8 cycle=4 payload=55"", ""8N1 bit=8 cycle=5 payload=55"", ""8N1 bit=8 cycle=6 payload=55"", ""8N1 bit=8 cycle=7 payload=55"", ""8N1 bit=1 cycle=1 payload=a6"", ""8N1 bit=1 cycle=2 payload=a6"", ""8N1 bit=1 cycle=3 payload=a6"", ""8N1 bit=1 cycle=4 payload=a6"", ""8N1 bit=1 cycle=5 payload=a6"", ""8N1 bit=1 cycle=6 payload=a6"", ""8N1 bit=1 cycle=7 payload=a6"", ""8N1 bit=4 cycle=0 payload=a6"", ""8N1 bit=4 cycle=1 payload=a6"", ""8N1 bit=4 cycle=2 payload=a6"", ""8N1 bit=4 cycle=3 payload=a6"", ""8N1 bit=4 cycle=4 payload=a6"", ""8N1 bit=4 cycle=5 payload=a6"", ""8N1 bit=4 cycle=6 payload=a6"", ""8N1 bit=4 cycle=7 payload=a6"", ""8N1 bit=5 cycle=0 payload=a6"", ""8N1 bit=5 cycle=1 payload=a6"", ""8N1 bit=5 cycle=2 payload=a6"", ""8N1 bit=5 cycle=3 payload=a6"", ""8N1 bit=5 cycle=4 payload=a6"", ""8N1 bit=5 cycle=5 payload=a6"", ""8N1 bit=5 cycle=6 payload=a6"", ""8N1 bit=5 cycle=7 payload=a6"", ""8N1 bit=7 cycle=0 payload=a6"", ""8N1 bit=7 cycle=1 payload=a6"", ""8N1 bit=7 cycle=2 payload=a6"", ""8N1 bit=7 cycle=3 payload=a6"", ""8N1 bit=7 cycle=4 payload=a6"", ""8N1 bit=7 cycle=5 payload=a6"", ""8N1 bit=7 cycle=6 payload=a6"", ""8N1 bit=7 cycle=7 payload=a6"", ""8N1 bit=1 cycle=1 payload=00"", ""8N1 bit=1 cycle=2 payload=00"", ""8N1 bit=1 cycle=3 payload=00"", ""8N1 bit=1 cycle=4 payload=00"", ""8N1 bit=1 cycle=5 payload=00"", ""8N1 bit=1 cycle=6 payload=00"", ""8N1 bit=1 cycle=7 payload=00"", ""8N1 bit=2 cycle=0 payload=00"", ""8N1 bit=2 cycle=1 payload=00"", ""8N1 bit=2 cycle=2 payload=00"", ""8N1 bit=2 cycle=3 payload=00"", ""8N1 bit=2 cycle=4 payload=00"", ""8N1 bit=2 cycle=5 payload=00"", ""8N1 bit=2 cycle=6 payload=00"", ""8N1 bit=2 cycle=7 payload=00"", ""8N1 bit=3 cycle=0 payload=00"", ""8N1 bit=3 cycle=1 payload=00"", ""8N1 bit=3 cycle=2 payload=00"", ""8N1 bit=3 cycle=3 payload=00"", ""8N1 bit=3 cycle=4 payload=00"", ""8N1 bit=3 cycle=5 payload=00"", ""8N1 bit=3 cycle=6 payload=00"", ""8N1 bit=3 cycle=7 payload=00"", ""8N1 bit=4 cycle=0 payload=00"", ""8N1 bit=4 cycle=1 payload=00"", ""8N1 bit=4 cycle=2 payload=00"", ""8N1 bit=4 cycle=3 payload=00"", ""8N1 bit=4 cycle=4 payload=00"", ""8N1 bit=4 cycle=5 payload=00"", ""8N1 bit=4 cycle=6 payload=00"", ""8N1 bit=4 cycle=7 payload=00"", ""8N1 bit=5 cycle=0 payload=00"", ""8N1 bit=5 cycle=1 payload=00"", ""8N1 bit=5 cycle=2 payload=00"", ""8N1 bit=5 cycle=3 payload=00"", ""8N1 bit=5 cycle=4 payload=00"", ""8N1 bit=5 cycle=5 payload=00"", ""8N1 bit=5 cycle=6 payload=00"", ""8N1 bit=5 cycle=7 payload=00"", ""8N1 bit=6 cycle=0 payload=00"", ""8N1 bit=6 cycle=1 payload=00"", ""8N1 bit=6 cycle=2 payload=00"", ""8N1 bit=6 cycle=3 payload=00"", ""8N1 bit=6 cycle=4 payload=00"", ""8N1 bit=6 cycle=5 payload=00"", ""8N1 bit=6 cycle=6 payload=00"", ""8N1 bit=6 cycle=7 payload=00"", ""8N1 bit=7 cycle=0 payload=00"", ""8N1 bit=7 cycle=1 payload=00"", ""8N1 bit=7 cycle=2 payload=00"", ""8N1 bit=7 cycle=3 payload=00"", ""8N1 bit=7 cycle=4 payload=00"", ""8N1 bit=7 cycle=5 payload=00"", ""8N1 bit=7 cycle=6 payload=00"", ""8N1 bit=7 cycle=7 payload=00"", ""8N1 bit=8 cycle=0 payload=00"", ""8N1 bit=8 cycle=1 payload=00"", ""8N1 bit=8 cycle=2 payload=00"", ""8N1 bit=8 cycle=3 payload=00"", ""8N1 bit=8 cycle=4 payload=00"", ""8N1 bit=8 cycle=5 payload=00"", ""8N1 bit=8 cycle=6 payload=00"", ""8N1 bit=8 cycle=7 payload=00"", ""8N1 bit=1 cycle=0 payload=ff"", ""8N1 bit=2 cycle=8 payload=55"", ""8N1 bit=2 cycle=9 payload=55"", ""8N1 bit=2 cycle=10 payload=55"", ""8N1 bit=2 cycle=11 payload=55"", ""8N1 bit=2 cycle=12 payload=55"", ""8N1 bit=4 cycle=8 payload=55"", ""8N1 bit=4 cycle=9 payload=55"", ""8N1 bit=4 cycle=10 payload=55"", ""8N1 bit=4 cycle=11 payload=55"", ""8N1 bit=4 cycle=12 payload=55"", ""8N1 bit=6 cycle=8 payload=55"", ""8N1 bit=6 cycle=9 payload=55"", ""8N1 bit=6 cycle=10 payload=55"", ""8N1 bit=6 cycle=11 payload=55"", ""8N1 bit=6 cycle=12 payload=55"", ""8N1 bit=8 cycle=8 payload=55"", ""8N1 bit=8 cycle=9 payload=55"", ""8N1 bit=8 cycle=10 payload=55"", ""8N1 bit=8 cycle=11 payload=55"", ""8N1 bit=8 cycle=12 payload=55"", ""8N1 bit=1 cycle=8 payload=a6"", ""8N1 bit=1 cycle=9 payload=a6"", ""8N1 bit=1 cycle=10 payload=a6"", ""8N1 bit=1 cycle=11 payload=a6"", ""8N1 bit=1 cycle=12 payload=a6"", ""8N1 bit=4 cycle=8 payload=a6"", ""8N1 bit=4 cycle=9 payload=a6"", ""8N1 bit=4 cycle=10 payload=a6"", ""8N1 bit=4 cycle=11 payload=a6"", ""8N1 bit=4 cycle=12 payload=a6"", ""8N1 bit=5 cycle=8 payload=a6"", ""8N1 bit=5 cycle=9 payload=a6"", ""8N1 bit=5 cycle=10 payload=a6"", ""8N1 bit=5 cycle=11 payload=a6"", ""8N1 bit=5 cycle=12 payload=a6"", ""8N1 bit=7 cycle=8 payload=a6"", ""8N1 bit=7 cycle=9 payload=a6"", ""8N1 bit=7 cycle=10 payload=a6"", ""8N1 bit=7 cycle=11 payload=a6"", ""8N1 bit=7 cycle=12 payload=a6"", ""8N1 bit=1 cycle=8 payload=00"", ""8N1 bit=1 cycle=9 payload=00"", ""8N1 bit=1 cycle=10 payload=00"", ""8N1 bit=1 cycle=11 payload=00"", ""8N1 bit=1 cycle=12 payload=00"", ""8N1 bit=2 cycle=8 payload=00"", ""8N1 bit=2 cycle=9 payload=00"", ""8N1 bit=2 cycle=10 payload=00"", ""8N1 bit=2 cycle=11 payload=00"", ""8N1 bit=2 cycle=12 payload=00"", ""8N1 bit=3 cycle=8 payload=00"", ""8N1 bit=3 cycle=9 payload=00"", ""8N1 bit=3 cycle=10 payload=00"", ""8N1 bit=3 cycle=11 payload=00"", ""8N1 bit=3 cycle=12 payload=00"", ""8N1 bit=4 cycle=8 payload=00"", ""8N1 bit=4 cycle=9 payload=00"", ""8N1 bit=4 cycle=10 payload=00"", ""8N1 bit=4 cycle=11 payload=00"", ""8N1 bit=4 cycle=12 payload=00"", ""8N1 bit=5 cycle=8 payload=00"", ""8N1 bit=5 cycle=9 payload=00"", ""8N1 bit=5 cycle=10 payload=00"", ""8N1 bit=5 cycle=11 payload=00"", ""8N1 bit=5 cycle=12 payload=00"", ""8N1 bit=6 cycle=8 payload=00"", ""8N1 bit=6 cycle=9 payload=00"", ""8N1 bit=6 cycle=10 payload=00"", ""8N1 bit=6 cycle=11 payload=00"", ""8N1 bit=6 cycle=12 payload=00"", ""8N1 bit=7 cycle=8 payload=00"", ""8N1 bit=7 cycle=9 payload=00"", ""8N1 bit=7 cycle=10 payload=00"", ""8N1 bit=7 cycle=11 payload=00"", ""8N1 bit=7 cycle=12 payload=00"", ""8N1 bit=8 cycle=8 payload=00"", ""8N1 bit=8 cycle=9 payload=00"", ""8N1 bit=8 cycle=10 payload=00"", ""8N1 bit=8 cycle=11 payload=00"", ""8N1 bit=8 cycle=12 payload=00""]"
verilog,qwen3.8-flash-next,Qwen3.8-Flash-Next,axi_lite,INTERFACE_FAIL,INTERFACE_FAIL,0,,ANALYSIS_ERROR,3,10,1,4,20260921-062620-verilog-skill,2026-09-22T16:24:45+0100,54b14993503d442c70c25f131577ae8e9692204e3056ec95f33c0551014f8cdf,20260921-062620-verilog-skill\qwen3.8-flash-next\axi_lite.sv,verification/batches/20260922-161336/runs/20260921-062620-verilog-skill/qwen3.8-flash-next/axi_lite/compile.log,[],verification/batches/20260922-161336/runs/20260921-062620-verilog-skill/qwen3.8-flash-next/axi_lite/bps_final/bluepearl.log,"[""Missing required port rready""]"
verilog,qwen3.8-flash-next,Qwen3.8-Flash-Next,bugfix,PASS,PASS_TESTED,513,0,COMPLETE,0,0,0,0,20260921-062620-verilog-skill,2026-09-22T16:24:45+0100,22474a2748191ed44a74f7d44b94e11a6fb169571db742e53458d197352a1c48,20260921-062620-verilog-skill\qwen3.8-flash-next\bugfix.sv,verification/batches/20260922-161336/runs/20260921-062620-verilog-skill/qwen3.8-flash-next/bugfix/compile.log,"[""verification/batches/20260922-161336/runs/20260921-062620-verilog-skill/qwen3.8-flash-next/bugfix/sim_default.log""]",verification/batches/20260922-161336/runs/20260921-062620-verilog-skill/qwen3.8-flash-next/bugfix/bps_final/bluepearl.log,[]
verilog,qwen3.8-flash-next,Qwen3.8-Flash-Next,cdc_sync,FAIL,FAIL,800,39,COMPLETE,0,1,0,1,20260921-062620-verilog-skill,2026-09-22T16:24:55+0100,4d18bcc10aaafe9ff9dbb5bef669c405e8c735cfb05d40420c6561d434b26d9f,20260921-062620-verilog-skill\qwen3.8-flash-next\cdc_sync.sv,verification/batches/20260922-161336/runs/20260921-062620-verilog-skill/qwen3.8-flash-next/cdc_sync/compile.log,"[""verification/batches/20260922-161336/runs/20260921-062620-verilog-skill/qwen3.8-flash-next/cdc_sync/sim_default.log"", ""verification/batches/20260922-161336/runs/20260921-062620-verilog-skill/qwen3.8-flash-next/cdc_sync/sim_stages3.log""]",verification/batches/20260922-161336/runs/20260921-062620-verilog-skill/qwen3.8-flash-next/cdc_sync/bps_final/bluepearl.log,"[""The output selects a separate fixed two-flop chain for every STAGES value. The parameterized sync_reg chain is unused and unannotated."", ""STAGES destination-edge latency""]"
verilog,qwen3.8-flash-next,Qwen3.8-Flash-Next,counter,PASS,PASS_TESTED,321,0,COMPLETE,0,0,0,0,20260921-062620-verilog-skill,2026-09-22T16:25:04+0100,b2cfd394364c56f773855286ad01ac43d31e6835562b6756a1b9c0686e2620ec,20260921-062620-verilog-skill\qwen3.8-flash-next\counter.sv,verification/batches/20260922-161336/runs/20260921-062620-verilog-skill/qwen3.8-flash-next/counter/compile.log,"[""verification/batches/20260922-161336/runs/20260921-062620-verilog-skill/qwen3.8-flash-next/counter/sim_default.log""]",verification/batches/20260922-161336/runs/20260921-062620-verilog-skill/qwen3.8-flash-next/counter/bps_final/bluepearl.log,[]
verilog,qwen3.8-flash-next,Qwen3.8-Flash-Next,fifo,PASS,PASS_TESTED,6836,0,COMPLETE,0,0,0,0,20260921-062620-verilog-skill,2026-09-22T16:25:08+0100,36543cbaec59c20fddaf93ebe6a3e3095a070908cc31d6eb77308c2214c0bf26,20260921-062620-verilog-skill\qwen3.8-flash-next\fifo.sv,verification/batches/20260922-161336/runs/20260921-062620-verilog-skill/qwen3.8-flash-next/fifo/compile.log,"[""verification/batches/20260922-161336/runs/20260921-062620-verilog-skill/qwen3.8-flash-next/fifo/sim_default.log"", ""verification/batches/20260922-161336/runs/20260921-062620-verilog-skill/qwen3.8-flash-next/fifo/sim_width16_depth4.log""]",verification/batches/20260922-161336/runs/20260921-062620-verilog-skill/qwen3.8-flash-next/fifo/bps_final/bluepearl.log,[]
verilog,qwen3.8-flash-next,Qwen3.8-Flash-Next,uart_tx,FAIL,FAIL,1628,32,COMPLETE,0,0,0,0,20260921-062620-verilog-skill,2026-09-22T16:25:19+0100,8049662d825fcf2a6e2041a5d70a74938092f1e21c751c25cfca6f959aa221a6,20260921-062620-verilog-skill\qwen3.8-flash-next\uart_tx.sv,verification/batches/20260922-161336/runs/20260921-062620-verilog-skill/qwen3.8-flash-next/uart_tx/compile.log,"[""verification/batches/20260922-161336/runs/20260921-062620-verilog-skill/qwen3.8-flash-next/uart_tx/sim_default.log"", ""verification/batches/20260922-161336/runs/20260921-062620-verilog-skill/qwen3.8-flash-next/uart_tx/sim_divisor13.log""]",verification/batches/20260922-161336/runs/20260921-062620-verilog-skill/qwen3.8-flash-next/uart_tx/bps_final/bluepearl.log,"[""8N1 bit=0 cycle=7 payload=55"", ""8N1 bit=1 cycle=7 payload=55"", ""8N1 bit=2 cycle=7 payload=55"", ""8N1 bit=3 cycle=7 payload=55"", ""8N1 bit=4 cycle=7 payload=55"", ""8N1 bit=5 cycle=7 payload=55"", ""8N1 bit=6 cycle=7 payload=55"", ""8N1 bit=7 cycle=7 payload=55"", ""8N1 bit=8 cycle=7 payload=55"", ""8N1 bit=1 cycle=7 payload=a6"", ""8N1 bit=3 cycle=7 payload=a6"", ""8N1 bit=5 cycle=7 payload=a6"", ""8N1 bit=6 cycle=7 payload=a6"", ""8N1 bit=7 cycle=7 payload=a6"", ""8N1 bit=8 cycle=7 payload=00"", ""8N1 bit=0 cycle=7 payload=ff"", ""8N1 bit=0 cycle=12 payload=55"", ""8N1 bit=1 cycle=12 payload=55"", ""8N1 bit=2 cycle=12 payload=55"", ""8N1 bit=3 cycle=12 payload=55"", ""8N1 bit=4 cycle=12 payload=55"", ""8N1 bit=5 cycle=12 payload=55"", ""8N1 bit=6 cycle=12 payload=55"", ""8N1 bit=7 cycle=12 payload=55"", ""8N1 bit=8 cycle=12 payload=55"", ""8N1 bit=1 cycle=12 payload=a6"", ""8N1 bit=3 cycle=12 payload=a6"", ""8N1 bit=5 cycle=12 payload=a6"", ""8N1 bit=6 cycle=12 payload=a6"", ""8N1 bit=7 cycle=12 payload=a6"", ""8N1 bit=8 cycle=12 payload=00"", ""8N1 bit=0 cycle=12 payload=ff""]"
